-- phpMyAdmin SQL Dump
-- version 4.7.4
-- https://www.phpmyadmin.net/
--
-- Hôte : 127.0.0.1
-- Généré le :  mar. 05 juin 2018 à 03:53
-- Version du serveur :  10.1.29-MariaDB
-- Version de PHP :  7.2.0

SET SQL_MODE = "NO_AUTO_VALUE_ON_ZERO";
SET AUTOCOMMIT = 0;
START TRANSACTION;
SET time_zone = "+00:00";


/*!40101 SET @OLD_CHARACTER_SET_CLIENT=@@CHARACTER_SET_CLIENT */;
/*!40101 SET @OLD_CHARACTER_SET_RESULTS=@@CHARACTER_SET_RESULTS */;
/*!40101 SET @OLD_COLLATION_CONNECTION=@@COLLATION_CONNECTION */;
/*!40101 SET NAMES utf8mb4 */;

--
-- Base de données :  `contacts_app_db`
--

-- --------------------------------------------------------

--
-- Structure de la table `mycontact`
--

CREATE TABLE `mycontact` (
  `id` int(11) NOT NULL,
  `fname` varchar(50) NOT NULL,
  `lname` varchar(50) NOT NULL,
  `group_id` int(11) NOT NULL,
  `phone` varchar(20) NOT NULL,
  `email` varchar(30) NOT NULL,
  `address` text NOT NULL,
  `pic` longblob NOT NULL,
  `userid` int(11) NOT NULL
) ENGINE=InnoDB DEFAULT CHARSET=latin1;

--
-- Déchargement des données de la table `mycontact`
--

INSERT INTO `mycontact` (`id`, `fname`, `lname`, `group_id`, `phone`, `email`, `address`, `pic`, `userid`) VALUES
(1, 'A', 'B', 4, '900667890765', 'ab@mail.com', 'address 1 street 1 ............', 0x89504e470d0a1a0a0000000d49484452000000fa000000fa080600000088ec5a3d000000017352474200aece1ce90000000467414d410000b18f0bfc6105000000097048597300000ec200000ec20115284a800000020e69545874584d4c3a636f6d2e61646f62652e786d7000000000003c3f787061636b657420626567696e3d27efbbbf272069643d2757354d304d7043656869487a7265537a4e54637a6b633964273f3e0a3c783a786d706d65746120786d6c6e733a783d2761646f62653a6e733a6d6574612f2720783a786d70746b3d27496d6167653a3a45786966546f6f6c2031302e3130273e0a3c7264663a52444620786d6c6e733a7264663d27687474703a2f2f7777772e77332e6f72672f313939392f30322f32322d7264662d73796e7461782d6e7323273e0a0a203c7264663a4465736372697074696f6e207264663a61626f75743d27270a2020786d6c6e733a7064663d27687474703a2f2f6e732e61646f62652e636f6d2f7064662f312e332f273e0a20203c7064663a417574686f723e3130737061636530303c2f7064663a417574686f723e0a203c2f7264663a4465736372697074696f6e3e0a0a203c7264663a4465736372697074696f6e207264663a61626f75743d27270a2020786d6c6e733a786d703d27687474703a2f2f6e732e61646f62652e636f6d2f7861702f312e302f273e0a20203c786d703a43726561746f72546f6f6c3e43616e76613c2f786d703a43726561746f72546f6f6c3e0a203c2f7264663a4465736372697074696f6e3e0a3c2f7264663a5244463e0a3c2f783a786d706d6574613e0a3c3f787061636b657420656e643d2772273f3e74fe812f00001ea649444154785eed9d09bc1c45b5c665cd0aa22424b9b9b909091012168180812810a212517651648dc86a40d944144505e521eb4378082eb8f290e501ea83270f0c022ab80484c033cf20c81276c29d7d9f39d63955d5533de91b66ee9de959fafb7ebf2fd3779b4c579f7f9daaeaeaaa77c4b7de9c6018ee6d0374188e80013a0c47c0001d862360800ec311304087e10818a0c370040cd061380206e8301c010374188e80013a0c47c0001d862360800ec311304087e10818a0c370040cd061380206e8301c010374188e80013a0c47c0001d862360800ec311304087e10818a0c370040cd061380206e8bde6addebdf6f7b699a03d7b62b0b761ab9fd7fc5d2ce8bde0ae3440ef72fb601498b7a0f8b6ca0a5efe596ce666149bb129c506c651ac7f0cc5fa46516ccac6cafcaa3c75b4fafe588a4d1f4fb12ddf49b159efd2efc51500bf0fbfdaf75706fcdd6980de858ed96306dbc0c880c6a66f42b1c91bd1e084f514c00a6afe9deda7527cfe6c4a2ede9d9287ed4ba9258752ea844f2a1fae7dd401943c781125f6d985e2f366527cce64553928e0d5fbc426f2fba88a405500f2ffd5800fe8bbc700bd4bec834a32f6049da9276d2850328089bddf43e9a5c750f6ca8b287fe72d54fccb23547e7935553269aa14f254a95428489552892ab91c5512712a3db38a8a0f2da3dc8d3750e6c22f4a45109f374b67fb89ebab1681029fb33e03ef667b40dfd106e81d6e0f70039600c7704f1b4b89dd6753faf4e315943fa0d2caa714ac5983eed062d85dd7a372ec2d2a3efc2065afbe4483bf5d9fcef8dc0de0cf672a1edfe7853bca00bd43ed039cb337f7af3973ef3a8bd2679f4285ffbd4b01386850acaa522e53a558d4e64ccd5fd7c0bd4ef3eff3dfc9df17cdbbfa557aee59cafdf47b0afa03a57b109bb481b42e647c803f2b7f6e00df5106e81de6b500e7aca9b277f2c0850aaeef53f9f5570d6e5a1ed83540cbcfcc6b23aafd7bcf167ef333abd2ffada0cc455fa6c4fcd9baa53130be0a3c60ef1803f40eb280c14d606ea2f320d8c0384a1d7d101596fdda079840a7b2ad0ba2fac7f73bcd947d5fefffb3958bf3ff95d7bc41b91baea5c4c29d74b37ec626ba496fcfabe65ce1700dd03bc01e080a0cb9cda5b278f2e38ba9f0e06f0c465a6ee696af0d78614afe3ff3ff8a4da6b7aaa45394fbe17728b1c7b63ac3f3b971c5c5af00be6d06e86db605418e1518893d77a4fc9d371b6c1438d267f6676f76bbe57d167b6cb2bc5579700d652e3e9f62a6fb81ecde5e03f436d997c5a78d937be0990bcea57222ae4961780ce0facbce003c48ee67936307f8d2538f53eaf0fd747637b7e5007bf806e86db00e74d317e72cfe817954f8fd03060d058bd3ff7521ea74b99fd5cdf0fc9ddcf557e9f3ed1fab2b37af1c82cb086eae017ac896e036598da7a2a6cf3a992aa9940682015780c8711701eeaaf673731f5e7d438e4b4ffe95121f7aaf546e68ca876b801ea235e42a9bf18cb6999b51ee27df15005802b93dee52c85db9e720c7c5823e4e2529bdf4583d2780ef30e0365c2806e821598259fae3aae9baf30cd554ffad0e7c6ee27679165f977cc03b7d779ea62bd369b95c007bcb0dd043b00779df284aecb5239556ad9460e72ce741d083905bf9602f579bf2f99b7ea81fc451ad1b0cd2b5d600bdc5d6904f92fe7862f17c2abff2920479a5a02097230d42afcb077b856f192ae095f277df2965244fc801f69619a0b7d0be4cbeaf82fc8dd724b8bdfeaa13fc5151157675eea6295fb8ef6e0d3b677634e35b6280de224bb0f2c05bff184aecb333955f7d5982dabbe51441c8adfcb0eb4a2f7fd71d7a5620971b606fba017a0bac2157cd5015b8f15db7a2d273cf483003f2aafcb0eb72e167e065161d8fc6db72ac295b787806e84db69791666d26d33f8b7f7e588238cacdf5a1e483ddf4d9b3975ee0dd6707e8cd33406f85399bf78da6fcad3f93e005e443cb839d6f319ae3d4c947eafbec80bd6906e84db4042507e7161b50e6fcb32568e5e92e1bcc803c505ef998acce4b5a2516cd9367003012df1c03f42659829183b27f0c25f7df932af9bc0e5a67320c34b43cd84d7fbdb8fc8f52a61ee4807d4406e84db404a67a2dae784c82d51d7c83d62d2ea35ad8798d3af4d79b6380de044b107230aaa0cc5e75b1042946d81b9707ba7d55ada1e4c1fbc8d2d568c28fcc007d8496e0e320e45559f75b2033de24486b8216aa4f5eb9998529a509cf136902ca1eaedf00bd19e6db69d3c651e1b7f74a70a2c93e32d5c29ef9ca9968c28fd0007d04d6d95c051f3f577eca511294f2349a0a54403e7c79a09b814c7e3e80779191f9f066320ddc9801fa48ad609701b8a71e97a0f46e1101f411c9831d03734d31401fa6635bab60e3a09bbc21a5cf3c5182d1de3307e42397942197a5cdea6fadd16bc7f34611dc5502ec0d19a08fd0bce061f18947251891cd9babb5b23a2f5661b27ad0b5808736401f8ea56f3e51fae6a9e30f972044dfbc359232b5597df50b14df711a46e18761803e5c73f3b17f0c15eebd4b82d05d7b1d6a9e6c99dad652fa9ca5c8eac330406fd0d23764c807c6c98aa6bcdd300b90b75616f4c2230fe9ed9e02ae0d3cb401fa70cc83705b6c207d4616f721017aebe4962d039ffce8fbf5229b1894abdb007d18e6e0925b6a4ffa6fa941ad9105dd1b94bbea62a968d17cafdf00bd017bcdf67edec6786f6f90c8cd3850eb642b547e68482a5b64f3ba0dd01bb534dbd7a7eca55f97a0b3cd76a8b5722b535ec823f9e13d649c842bdec0eb04fb0cd087619eb45178e87e1d7468b6872681dd9477e6ebe7506ce2fabae245667f5b03f486ac9aed5b6e4af1ddb6a6726c5002cecd3450eb65fbe9f95fde26b73791d1eb3340afd79c3578924cdf284a2d395482cd420ed0c39194b51917293dff2cc5e74e91453803af17ec3340afd33ccace3bae0c4e588fb297a07fde0eb9952a973dfae9f51ba037e26d54469f3a9af277fcdc0b36285cb9593dfdb94febd562676f8135e5dec600bd01dbdb6bc5c7974ba0f18681c8e8e14a4037152c4f58e216960cc8055c2fb86a80de806333df49f1f70c5079cd1b1268f64116285c790372b7df24ebe7f3d849d0f582ab06e8f59a27ca0c8ca7c40776ad2ee50cc8439764743b71e60f0fe049b63a0dd0eb358fb8abfe79eaa80325c85800bd3df246de57ada4f89c49b22640e035833d03f47acd6bc34dde88d2a72e912043b3bd7db2a097df7cdd3c9faeba5441d70cf60cd0ebb579622df3a5cf499071f311a0b747b6dc2be934c59de5a502af1b2c06e8f59a419fb81e65be799e0e32dc436f9b3cd073594a2cdc596f4f0dd0d769805eaf65b2cc3b645b5f093280de3679a017f2945cbc3b26cdd461805eaf19f4cd15e8977f430719406f9b007ae306e8f5da66f4cb90d1db2d80deb8017abd567df441d547cf5ef4651d6400bd6df240e73efa3ee8a3d763805eafeda8fb79a7eb20c3a87bdbe4818e51f7ba0dd0ebb5bd8f7eda713ac8701fbd6df2eea3af7913f7d1eb3440afd77666dcd1074990b1007a7be4cd8c7bfaff3133ae4e03f47aad9a8632d7fd43bbc920100ba0872f2e736fae3baff1ce906f1570bd609f017a03966d7b779a2e4d4656a582e67b3bc403a1acfc1d374b2b8bd70908ba5e70d500bd017bcfa33ff198041a9e470f5f92d10de8d96f7f4bee84f04069d0f582ab06e88d989beffd6328ff8b5b25d06cc041e14940377df4f4192762cff43a0dd01bb15d33eeb20b25d0702f3d5c09e4a6bcb9ec931f791fc5a661b24c3d06e8f5da5d05f6d31fd7c166020fb08723296b3be2fee27314df6e0a169ea8d300bd1173d37dc6a694983f9bcaf198041c400f57b6bb54b8eb0e6fa3c5c06b05fb0cd08761d9a9e5f70f48c0d95b3d50eb25956a49839eb9f0dcea4e2d01d708f61ba0376a990abb3e65afc0536c61ca6d3971e5aab74e46ffbc5e03f406ac6fafa97e7aff184a1eb2a81a784e1042ad13dfce64959e7a42b23846daeb37401f86edfdf4d2df5648e0d900845a235b91dafe79f6ea4bb03f7a8306e8c3b134df3790091b2cdb7c47566f8ddcb2e55177de9b5e6fb0a85a57c8ea7519a037689bcd79c497f7fee2bdba2500017a4be5cd6ffff3c37a2a72c0b5818736401fae0dec8565f74800ca6830606fba6c056a41e75578ed6cb8c0eb02071aa00fc392d5edf3e9271f2901c84d4a64f51688cbd44c9229bff212c5779e81e7cf8761803e122be079f49747815936eb00f6e6c896a3370877cda5c8e6c334401fa6f57ee92aababc04b9fb35402914147566f8e6c397ad93c364889f76d47b1e99be86e1306e11a32401fa939abcf9e48a5954f4a4022ab3747b6fc6c36cf5d7b45359b03f2860dd047605f5ffdb39f928044561fb93cc86d367fe3758abf776b2c02390203f4a6583525559392b7f165d9f9d8807d78928a925f4d36cf5cf8453c773e4203f4115a6775332df6c0bdbd2c64b33a606f4cb6bc6c17a8f8c4a3ba8c01f8880cd09b600944333097bbee4a09509b8d007bfdb265e5c1ae9cfcf862bd2e1c57a6807dd806e84db00d40599174ce242aad7c4a072a9af075cb07b8996d98bbfe2a34d99b6480de244b209ab5df93877ca0da84779af2d0d0aa42ae2bc7d28ac7f46d34b3663b401f99017a132dc1689af0de3eea2aab4b103b190bf2cb83dc568a99b43c47200faea0c9de1403f456983391caecf93b6fd6815bc0832f43c983dc299bf4694bd0646fb2017a932d81c9a0f3a285aabfcea3c62c3ce5b6b67c909bf10c7ef4d7833ca07ce1e119a0b7c0023b373907c65162c15c2abff4a2043146e2abf2416e2ac1fc6d37eae6fad67a520cb279f30cd05b640952ce4a7da329b9df0299abcd02ec35909b6e4de1b7f74a2b4806df3097bde906e82db407fb948d2979d0422a0fbe25411d65d87d909b4c5e786819c5b69da41794c0aa312d31406fb135ec2a88276f44c9fdf7ac6ed068825c457c2460772b350db9aeec0acb7e2d0f05c93c768cb0b7cc003d047bb073665f3c9fcaab5f902067d87dc16f8e7b4deeb9f12d347b1b2dffabdb54d9bc4b677240de5203f490ac6157cdf8a9a329b1fbb6545cfe47097679dacd9954d36bb0fb203723eb2c99f536304ef5c93703e42118a087680ff681f114537d511e65b6b24d59562fc0ee039c8fededc57c9ed29fff8c7465a45c30f0168a017ac896a0e60ca6321967f7ccf9675527d428d82b95eecfee3ec89d164be9e9bf53f280bdf49aecaa0cbcf2a82923b8f906e86db004b7ca6432c23c69434aeebf9737b186a58177b2619700ef035c55586e2b2577d38f28be43bf7e124db56abc72a8291bb83506e86db217e4dc94ef1f23b3c0b2575e44955c4ec090412bb35a8d7cddc1c0fb0157c70ee0a5675651eaf84fc840a4cc16e415790078e806e86db604bd198c8a4dda80928b77a7c2bd771b4c14380cbb01de7527c87e0eef73b9e30c9934e5aeb994e2db4f15c8a5a98efe78db0cd03bc0beec3e6daccaf0632975dcc7bc91799605c942e57dcf1c8725f9ffccff2be696870bb8aa94f2b7fe8c128b76916e8964713e2ff73ce1d00dd03bc80282eab74be693a6ee3b29fd9963a8f8a73f188cb4e4d15727cbcbf79ce3664bded7bcbfd8c06d07d95895744aee22c876c6fcd907c699be38b2782718a077983d28eca8f4e48d28b6e5a6943af20079ecb592881bb4b40478039d07a2fc401f0f47f6efbcf76397abff8fabd273cf50f6ea6f51629f9d35e0aa4582667ae719a077a8abc09b11eabe510252e2fddb53e6822f50e19187bc813b571afc827e75e1afd7fc37166ab6b9dde7aafce6eb94ffc52d943ae5688a6fd7a79be803e30de0a68202e41d6580dee1f66578655e569aef43f3dcf0c4a27994f9ca9994ffe5ad547ef179817b5df2c36cacbe56ff98df0856259ba1d2937fa5dc8faea334c33d6fa6ae78b8b5c14f9b71139d6f17ba9f17ee2803f42eb1071003257d5ff5bde9e315f4ebeb67b85566e5fe71fadcd32877c3b554f8cdff5069d54a69eaf36cb4a0ccec4a5a00b9ac6c96507c7cb9aa3c6e93452018ecc49e3be8c134cedcd295d073d36d6bc3f7f9e08e3440ef366fe51c5be879e20d3fcb3d6d9ccef692f137513f9b24d937f1c1dd2879d8be943aee3005ee5194feec71943ee3444a9f7a2ca54e3a8252c71c4cc903175262af1d29be633fc5b87fad2a8fc109ebe97e37b7221864061b7077a5017a97db079b05df667cd5ace6ec2b73eb79528ee9e74b56b6e6affb46ebdb7a0c345718fc9ef6bdccc05ae0ff07778d017a8f39104406d5f4f1bd26b767f33dfe1d07686b80dd1b06e8301c010374188e80013a0c47c0001d862360800ec311304087e10818a0c370040cd061380206e8301c010374188e80013a0c47c0001d862360800ec311304087e10818a0c370040cd061380206e8301c010374188e80013a0c47c000bd17bdd5bb6579e6c09fd569ac15d75b06e85de421e173177fb4abc0f252cfee2aae010b3ffa2cbfe3be87fdfbb77f0f540a9d6f80de690ecac60c980b311fabef7bcb39f3460ebc9cf394517a938589ebd3e0e6efd0ebbbf312cfb294b3fa9d2d37d5cb39d77a86fabe5d127acac63438713d1a9c60fe9e9784b6ef31c3590e9a3f977ca69a0ac5f9dca8003ac700bd8d5e0b04019a6156f0f0a60c0cfd4cb32e3bc3b68502983755983a5a8093dfdb79866c70281b349c7038a5cf3a49f666cb5e7531e57ef81dcadffc13caffeabfa870ef5d5478e05e2afee101e507b51f7e900abfbb9f0af7df43855fff523671ccfde70d94fbeeb7297be9d765bb27deec21b5e4504a1eb0372516cca5f80efdf239650d785509c8e7e1ca65aaaa24f87bb3d4e7e273b115132a808e30400fc9fee07632b47af580e6ac69e16170f877df3340890fed46a94f7d8c32e79d41b96bafa0fced37515101ca5b2e956383b2d9a2eca1d642c956cd990c955f7b954a2b1ea3c27d77535e550ad9cb2fa4f4992752f2f0fd6403c8f8dc293aebdbf3e00a8a5b135c31f1f9d85609e00fd500bd45f6052e07b50d70869a9bdb0cb26a624bd3987f57019d3c602f4a9f7e3c65afbc4865d75ba8f8d89f65e7d24a216f705bb7bc0d14194ade5155ac8eed7eeaeb34ff8db5fd3bf57dbb11e3db48feef6c964a2f3c279550ee4655097cf33c69652416ee44f1ed5405c05d043e676e01f0f6510cbf2d9b9acc0ff09b6b80de24fbc136d99a9bdfdc8f1e307ba24d52e6dd47779d45a94f7e84325ffd3ce56ffc0115fff20895d7bc29600d290689c10b807028eb3fab3fd3d7fe5da06517565339d88a417d6f5de21607eff65a58760fe5aebb52b5004e920d21e3dbf749b6f7f678e331002e475b2902fca619a00fd37eb04d56b29b1df6ab2638672ed5978ecf9944c90fef41e9739652ee86ef50f14fbfa7f2e01a83c0da12902c4043c02cbf675edba1dacfe1337f5eb71230bf572b6e419457bf2063073c9ec09b3df2180097ab647c3637f9b99cedf651dce5b1650ef01b32406fc03eb84d1f5b029307cb3863abe6b86c5f7cc822ca7c4d65eb3b6fa6d2334fab802f98f0f6cb03220068f9f9109074b26a3fbf67b70250c741aaa492d25de16d9fd3679c20838cfeed9a37d5658f6cdfb0017abd76fa9292b5b9a9a902907fc6836599f34ea7fc2f6e953eaa0d74573ea82b55a8e567ce71afaaf65cc502ffd0999ff76b2fae788c723fba8e52271f4989f9dbe8917d6e2df1c0e556aa1b64ae89bd4e803ed8003dc05eb0784df2097a2089330b37c7779a2ea3e0b9ef7d9b4a4f3d4e95c2da19dbcd5e6e70ab7f02833a8ab2e5e096cfbab27e391ea3c283f751e6e2f3e5769f54ba7c4d78649fc73e1878401f68806eec0b0a176e6e92f78fa1c4eeb3297df6292a6bdf42e5575f36a1575510d8f27de7185ab76acb4ccc037f01e0f3d7a5954f51ee07ff41a9630f912e9334efb9a5c5a3f976465fd0f58da0230dbaefe29b6c20b7be384b30dc0be652e6dc53a970cfafe47eb52b094209406e8a5761768fa191a9b64cc55ca1aae67ead4acfff93723ffd3ea58e3b8ce23b4cd5d073a6e76becf4e947fa0c40b73a92a07b809ba6397f2d41a182836f7df1ed1f86bb92889b30d25a57d6865aabdaf216f375e0eb5153fea5179fa7dc8fafa7d411fbeb9619b7caa68df3aef75a7110014733a3dbeccdb76f5410f03137ff723fff31955f7fd5848b96cd20418106b54fb5d7a20abdbf89cfcdfbecbfff9bdce294f90cdc5ae3a6bd9be523007cb44037b5b9646f65be7d93bde21b120cae00777749ae8bb93ee2804ccf03a68507ee936701e23b4ed3c02bf06da52f71d1c3c0f72ce85e5fcc36cff996185fdc59efa2d43107cb831e9574ca8401c789090ea7596e0d758fecf5f2ae9f19cc73c5b3f472d75e4e890fee267751b8d29738914939bd097c4f822e17ca02ce836bdc3cdfa19fd25f38958a4f3c6a2eb796865b058385dabe425d2f7b1dedb5d52db5ea34e34a3e4ff9bbefa4d491fbebfbf33c46c331645b7e3d047c4f81ee03dcdc1ae3c1b5ec255fa3d2f3cf9acbab2eb0d3b4738301ea4dd55e677bfd5df123bbe9a5c7e8671354cb4fa6d8f65086ef09d0bd0be164f0c4fcd994bdfa122abff68ab994ea229b1add5e783700a068c85e6feffa9bb118abe2e3cbe5b15b997a6b337c0ff4e1bb1a74afe055cdebd5c4bb6c49d92bbe298f775ab97d6ff58f7791a1e8cac680674e00aa0b67c5536f539f395a270eeec333ec663190da38ec06772de852e052f81374cdabb279e68273a9fcaa93c15dc0a97a5121c8ca8d0939aee9c717973f42a9a30ed083767c2f5efaef2ae6ba0cf8ae03dd2b606ea6f3830dcae9a5c75269d5dfcca5a9022ec7801baa4381c03b199e97da4aec3b5fb51a37f0eec34bf3be4b80ef2ad06d16e757e9877f780f59ccc04afa5b067075b50038d4b00281b75fe77294bde632bd60c6948dab2dca2e80bd2b40f765716e42a9c2e57e3817bc5c00d3dcb258bb170b8286233786e4d819a52f3db34ae6d4cb0334aa0f2f71c9c9a78381ef78d0a5f0eca8e7a40d2979e807a9b8e2afa6c8d545e066ba7b41cc310435436e4cc9b1033cafb0cbabf04a7697be7be736e53b17745b43726dc973d2a76f42d9cb2ea816ba008e7e38148edc18d3fd771d7bbcd048eaa803f51d1f8edb0e1d99ef48d0bd8262c8556d99d8630e151e5a2605cb721f5304e05058f2c1cec7ce12613c674316b754b64df9dab86ea73b0e74af8078d04dd592a9233eea2df480663ad40972638fb3bbfa428e79230c9ec721ab1059d83b04f88e025d0a86a7b0f2f1e48d64a7108bb2db3702e050bbe5839d8f4d7c96fef90f4aeeb7c09bdbd129b7e03a06740b39bff272c9d96b2f97826349adc9af4ee1425027c8839d6d9af2bc9a2d6f6325fd7605bb17df35311fa63b02740f729ec63a7dbc8c664a81f1ac364c7c813a5c6e6cdaccce5fa54ffb54c7c0de76d0ab999c77345190dffe735d50cec306801cea74f960b72d50655e9fdec22e6b24b409f6b682ae6b38d3279f3696f2b7fe4c1750cda01b047583826067a54f5d52853d72a0db13e6fb8e7da364770e566d2687a06e5210ecfc55eae883aa03746d80bd6da0cbc9f249ab9a2ef3b5737481a88201e450b72b10f6784c2f5dd53fd67b5e23888b56b92da07b904fd9587615b548bb036f10d4cdf2c16e6fbdad7c526f1fcd4fbf993b4c417cb4c2a1832e27c727c91be6edb2a5acc1cdf26a3e400ef588fcb0eb5b6ff95b7e5a5dc822808f56b93d4d776eba4c1d2d9bfdb3bcfb8f4ec140502fc8c6b4d83cdf9e3e6d49e8fdf550419793e2659fb8c97ed21172d2ee0aac6c08ea35d9b8b6a0975f5eada7caf223aeaa751bc62db7f09beebcebe59c4954fabb5e11064d76280af26037fdf5dcf7afd1b7dc38f1f51ce87694fdab67cbc9cafd727e05e4508f8b63dc5abecea429b16817bd5b4c080373e136dd399b6f37854acf3ead4f16a3ec5084e4416eb3fa8faf577d75ceeaad1f980b057499fa67b2394f0964d97be6801c8a9224e64d822bbff5a6ec3fc09b8d485fbd869b663abc8ccecd9381f15478f0377292e89b4351944d6e76f194ccf967e91d8538110671d32487033a433e7d134a2cdc49f54d327282f68421288ab289aef8bbfb858d406e9ae896832e830c5c5ba95a2bf3a5cfc9c9a1d90e45596eec5792094a2c98dbf2e67b38199d27c8f48da2fc6d37ea9333831110144559d06d5f5d9e6ee309342dbcd516ce609cfaf0bc167bf149bd4c339f20b239146509e826e165afb9940627ae272ddf207e9ae17040e71940f36652391e9313b3351a04455916f4fc7fdf2eeb317477d39d07e2a68d9305f3ec89017228ea92646707e41efd53cb17916c3de8e60116de91d2e20dd021487160fae8a57faca2f89cc97a425910434d7038a0f78da2d4a73f212785663b046979a03fff4ffd9cfaaccd82196a82c3017d8a02fd84c3e5a4003a0469f51ee89cd18f07e810e4aa3741474687209f003a044540001d822220800e4111104087a00808a043500404d021280202e81014010174088a80003a044540001d822220800e4111104087a00808a043500404d021280202e81014010174088a80003a044540001d822220800e4111506f826e1787542707c3b0b2d9c0a1f4dcb33d02fa948d2975e21172521004f9557e79b502bd8f6233bb1d74dea9e5e883a8fcda2b547ee9457562ecd5301c6dbff40295df788d8acbff48f1b99cd1bb79a71665d9534a011fdf7e2a0cc3b556d9dce3a4869d66b9e5a0db0f2f5b27aba6090cc301763871f96996c3cbe801df8761b8ea5672120ae8300cb7d7001d862360800ec311304087e10818a0c370040cd061380206e8301c010374188e80013a0c47c0001d862360800ec311304087e10818a0c370040cd061380206e8301c010374188e80013a0c47c0001d862360800ec311304087e10818a0c370cf7b73fa177e95a43b3dcd0bef0000000049454e44ae426082, 1),
(2, 'C', 'D', 6, '78987456789', 'CD@mail.com', 'address 2 street 2 ............', 0x89504e470d0a1a0a0000000d49484452000000fa000000fa080600000088ec5a3d000000017352474200aece1ce90000000467414d410000b18f0bfc6105000000097048597300000ec100000ec101b8916bed0000020e69545874584d4c3a636f6d2e61646f62652e786d7000000000003c3f787061636b657420626567696e3d27efbbbf272069643d2757354d304d7043656869487a7265537a4e54637a6b633964273f3e0a3c783a786d706d65746120786d6c6e733a783d2761646f62653a6e733a6d6574612f2720783a786d70746b3d27496d6167653a3a45786966546f6f6c2031302e3130273e0a3c7264663a52444620786d6c6e733a7264663d27687474703a2f2f7777772e77332e6f72672f313939392f30322f32322d7264662d73796e7461782d6e7323273e0a0a203c7264663a4465736372697074696f6e207264663a61626f75743d27270a2020786d6c6e733a7064663d27687474703a2f2f6e732e61646f62652e636f6d2f7064662f312e332f273e0a20203c7064663a417574686f723e3130737061636530303c2f7064663a417574686f723e0a203c2f7264663a4465736372697074696f6e3e0a0a203c7264663a4465736372697074696f6e207264663a61626f75743d27270a2020786d6c6e733a786d703d27687474703a2f2f6e732e61646f62652e636f6d2f7861702f312e302f273e0a20203c786d703a43726561746f72546f6f6c3e43616e76613c2f786d703a43726561746f72546f6f6c3e0a203c2f7264663a4465736372697074696f6e3e0a3c2f7264663a5244463e0a3c2f783a786d706d6574613e0a3c3f787061636b657420656e643d2772273f3e74fe812f00001c4549444154785eed9d899b54d599c6e75f1a71c2e898a8332e491c9349cc38418d7bc679cc64a23146410415153744415615c105141471c11511571401a5bba1b7eabd697adff7c533f7fd6e7dd5a72fb7e9aaeaaa5bcb79dfe7799f2a9a5eea9e7b7ee7fbceb967f9870b579c30344d17b7093a4d3b60824ed30e98a0d3b40326e834ed80093a4d3b60824ed30e98a0d3b40326e834ed80093a4d3b60824ed30e98a0d3b40326e834ed80093a4d3b60824ed30e98a0d3b40326e834ed80093a4d3b60824ed30e98a0d3b40326e834ed80093a4d3b60824ed30e98a0d3b40326e845e60b1e381efaf57f851f3c61fe2d607c4d1cf87e78b6df45179e097a81db8611b002de8b1ef2e1c5fffdecfee3e6a7f71d37ffb2bccc9cb3acccfcf3bd6566e1d2d284f16f7c1dff8fef3b3ffefbecdfa3bf1f26fc8569825ee0d6c80c00cf5b7edcfcc483f7acc5250230be76e9ca72f39b5595e6baf53173eb965a73c7cbf5e6ee1d0dbeb73798dbb6d59b5b9ead318bd6569bcb1fab30177b70a371f8c93da566c112bf21400360ff2dfddb84be704cd00bc43654800dd11b00fe930724e046e4fdafa7abccbd3b1bcdf39fb6990f8ff598928621d3d6376e46c6a6ccf8e48fe6c71f7f34619a9afad18c4d4c99c1d149d3d0316a0ec506cc9eefbacc9af74f790d419df9d5e31502bf827fbef79ed01796097a9efb8207fc57800cb0001ce046ba8d487dff1b4de64d0fca58eb8819f5609d4b80dd7632ea1f9e34476a07cdd6cfda2503b8e4e17289f80b97fa590381cf7f13f43cb502a3d11b6003f0cbbde8fad09bcde6f3f23e013028c03be145e849cf88d45301b0e732be1f3f3be16500780d5373d798d97da84ba0c7673cdbfb5cc82ef4b35eb8e23881cf3313f43c73107044cd733dc8ffb8b946e0eaec1f8fe3e60b6002ec20d090bea6a2e0cfab013dacffa7aa3a3562d67d784ab20b344418d4d3cf4ed8f3c7043d8f0c30000840415f18d0dcfe62bdf9aab27f066088d40a5dd0d990fe5efd1b1af5edbfd73334615e3bd86916ada912e0cf8b4778bdaee0b5d2d19aa0e781ed280eb8f1d8eb4f5b6acdb7d5fd718c7cd97043f6fba8a47f53ad8d8e6a786ccaecf480ffed937e84c7b5e1baf04ae07367829e63a3f2ebb36a8071e5d3553262ae024c61d13bd7b23f87beb781eff322fcfa8f5ae5ba909d30bae7d6043d47d60a0f00cef5a238525d3cce1a18f107d8149c204cf928fbb3e1d506beb265d8fcf9853a69c4301947a37bb03ce8ec9aa0e7c036e400e0eab5d5e670cd401c0d23836b3638fa3edf657f56edc7abb67fd9e1376acbcacc4512dd99ca4769821eb151b9757a2afae20fee6ef6fab57e14071800042a24c06d053fb79f95f8ef2b4e0e9b3fac8b49e3c6543e5a13f4088d4a8d0a8e67ce98f8f2c6b75d3e019eece857a890dbb2af01af782e0f0d8d4ecaec3dc08e270c7c0c178d097a4456c891ba5ef668452255d7492d5031001e947d4d7663f6dcfeb6c47c7ccd70c2ca8dce8c097a044625c64ab0855ec5c67cf4bab611a9ec88720a413142aeb2af0d0d9bbe7feb7097396f79996437843dbb26e859760272af3f7eedfa9869eff367b6692a0b152be0b66cd8f1aad17dfff15e2923c29e5d13f42c1a9516e9ba42de353021955b21b72bbf2bb261d772f8b2a25fca0aabe2d867cf8e097a96ac9063310ad67a77c4e7a8bb0cb92a0cf6fd65bd92c6a3dc087be64dd0b360851c15176bb9b1da0b22e4d39a017b3c8dc71a780cd001742dc760d9d2e999a067d81a91340d3dd630289598909f2e1b76edb36fdad79a78ce4ed03367829e056350099169efd16ea9bc847c76d9b06bd12c79d57fce4ed83367829e41a352627ae7d94b4acd937b5ba4d2fa33c3a62b3375bab45cf0e80d1a1c993457adad963907843d3326e819322aa30ebeddb4a9c68cc7b775b227c350b34bcb4753f892c6212953855cb7d4a2d33341cfa0fd4a79dc949f1c96caaa959690cf2d949196937675b0471d53f8cc98a067c01acd51295f38d02695d4869ca027272d277d4536f4dfcfd69873e2ebd9097bfa26e8f3342a1f06dfd09fbc61436cc6c09bfd4a25272d2f3b85c7acb9b0b2a7933741cf80f1180da01facf2b77e62ca3e3f05615ff56e8bec34cba89ebe09fa3cac293b0e50b8e7d546a994ba688390a72f2d3b1dc8c4fa006c73fd5346f6b44dd0e7698d30d83209d24744047d7e0a46750ecccdcf043d4d6b3447e55bf146935446544a46f3cc48cb51cbb2776842f68ec7a61d9c0b9fba09fa3c8d0a77a299d13c1bd272d4a88e33e534aa87dd0b7a7613f434acd11c7df3bbb6374825447fd28e40546684e2d4be7a6bef98f9c523e51c854fc3043d4d237dc42cb82fcafba412326dcf8eb44c35aaafdcd3cca89e86097a8a463407e43851053b9ae2b861889067570afad1ba41d9033fecded0b39ba0a76144132c5cc1068710a3797665972dcafac68d3199b7c0ada79237414fc352b93c57041ea951d99182ae517dcba76dd2d0327d4fde043d054bdaee552ef4cd718cb146193be250d99336a85834847bc1689ebc097a8a461459e045938dfb5aa5d269da4e655776638af504d76f88c93809c64bc2ee133dd3043d0d63d2c6a1987f0083a69354f605d0b5bc9f7aef9434b8d84a9b917d6e13f4140dc87ffd4485e91f9e3ef594113d3a29e81f97f64a170a5da9b0fb44cf34414fd2881a48db71dacadf5eae97caa69013f4688472d6c933cddd63e69287cb6513ceb0fb45cf34414fc14813cf5a5c223b9542ec9f472bbb51653f3d3513f414acbbbb7e70ac472a1bfbe7d1cb8eeaf7bfdec4156d499aa0a760ad4c279a87a4a2e9da732a3aa1bc75171f2c724186854c2b78afe89926e829188b29b0a8a267d03f43cd4e25a9e8a499d4fb3ff4f827bb70406e4e13f424adf3dbaf7ea63ab19533218f5e287305fd48ed0007e39234414fd2da3fbf6d9b3fe20e11f4dc48fbe875ed2392b69fcffef99c26e8491a033e587fbe6c97bf9b8cae3fa7a297967bb7d785e2faf4e44cd0933440c7428ac7de3e29958c0371b99396fbc8d854627ba9b07b464f9ba02769a4880b16979a673e3c25958ccfd073272df7d18929f3fb3555723c359fa59fd9043d490727cbe0110f41cf8db4dcc7bd7b70ed7a4e9a49c6043d492be89b3ff1379b20e8b913414fdd043d4933a2e78f087aea26e8499a7df4fc91963bf6eb5bb4b69aa02761829ea413a3eeef70d43dd7d272e7a87bf226e8495a9ea3df536a96f3397acea5e58ea9c87c8e9e9c097a92d69971b7bfc89971b996ce8cabe7ccb8a44dd09334fa80e80b5eb3ae5a068120821ebd50e6ba4924f67807e41704ee157dba097a0a468af8cb472be4c03f08958eb0472f5dd4f2e131ae5e4bd6043d05633d3a223bb61b86382017bd50deba1efd8503ed6601d7a32765829e821139b021e1c725bd52d134b250d14952f778e3ba62f7f4396cdc61e6cc26e829787a761cf78ccb8550d65ade28fb1bf468a6907b45cf34414fd2895d6097969abfbfe21f95ac158fb0472394b346f3961eee029b8a097a8ac6e40c4cd21818e1beeeb9907697f697f5329aa760829e8601fbe19a41a970eca7472734a85ade4fbf3f7d52cb852b18d5e732414fd13a15f6d9c091c9547665674e28f31b37d630a2a760829e82e5f15a7ce4fd96e76a1315cfae8454f6a41365aa5a8613f723788fe87013f434accfd3ab4f8d48c5d30a486547da906adabef5b3769e8f9ea2097a1ad6f41d1336204ddf19d5b323bb6cf17af3e69ac4018b8ceac999a0a7688de6e81f5eb7219698a545d0b32b8de6c71a06b92c350d13f434adb07f5dd92f15d0af88843dd3d2065441c77e003a1b2eecbed0e126e86918511d150dfbbc2f79b5512aa0ce7b27e89915ca5327c9b4f78d9bcb1eabe0faf3344cd0e761ed1f56b64c2f7281087b66a4e5a8d17cdb67ed8ce6699aa0a76d3faaa3e2addcd32c15918372999396a39665fff0a4f9ddea2a739ed73f47b7898370a999a0cfd33238e7015fdd3af3511b619f9fb4fc349abff4790757aacdc3047d1e4ef4d5bd0a98d84b8e517dded2b2d3be39ce58fbf513fe26909c09979e097a868c63810ed70e48c5d42844d8d353309aaff9e014a3f93c4dd0e7694ddd3181e38f9b6b66a4ee6a2a7905212f6f1e963226e0f33341cf80358547d479f98b0ea9a09c4893bab4acecf2fad3965ad9178ed17c7e26e819b05640ec488a6593b1f8c01c53f8e46503ae8de42b5f72002e5326e819b24675441fac6c0b8ebe13f6334bcb471bc78a93c332f0a67bb613f4f999a067d00a3ba2d0dac0196d6aea7469b968e388a396ae5b1f93710f46f3cc98a067c1884488ecd8771c627f7d766979d865b36c579334961711f28c99a067d8a898001df3b1d15f3fd1ec4f8f25eca7cb865c53762cfdd57e7958f9d2e999a067c19ac2e308a72b9eac34adbde3528927ac7ebbebb0db906b23f8def73d92aedbe568972b9dbe097a96acb02385bf7e434ce66a43f648bcabb087417eb0aa5fb2200cbe712e7be64dd0b3685456a4ef58ce8ac9347d71d85d8eec61901f8a0d48390174ee1a931d13f42c3b01bbd7efbc6953ccf4c40f6874adcf6e5f275e35b3f9aab25fe09679ec843c6b26e811d88eecd7ae8f99533d6352c901bb5df9f57db1c9be362c54d1c52afb4a7ba56c10c9f9182dbb26e8115961479f1d27bd94360e49654764d38a5f8cb0dbd7a4511cc2acb7739797c9914a8ce4d937418fd0a8cc3a1a8fca8d5166950d4131c06e038e57edaa8c4f4c9987f7344b768332e1c05b3426e8115b61472443745fb5b725010106e96c38f47da1c9feec98eda6194b7dfba8b979538d39db7a4e4ec8a33141cf8151b911c910d53139e426aff2ebc41a08d1bd1081b73f2b5eb50183de3adc6d7ebeb25c1a377461b41c82654367c7043d47d64a8ec8e64f12396e9effb4cd8c79a92d84285828c0db9f0daf7637a4b163d4dcb5bd4152750ebae5ce043dc746a5d7ca8f94168b39bea8f0f78a8790fa2af0b6f341fa39f433d98063610a766dbdd48be2801cd7c8fe78ee4cd0f3c07674c7a11088f077bed2901899871424854abfa6efa392fe4db5661e2abcdf7bb4db5cb5b65aba25188bc075d9d749476f829e470608e8b7c30be3a9eed2d71acd0ff5fe59ec2ac01425f4feef9e0939febe0eb241c35e04dffb7db7b971634c22389e2c10f0fc3141cf33dbd11daf8006b3c6feb2ad4e96bd0e8ef8d368550a3da053083d24adf7a94b7f4e7f078c2e0406d76cb8a1e6ae515971b6684db57c5664244cd3f3cf043d4f1d047ee1bd6512e5fff3a92af3f4fba7ccd1bac1c4c09d2d0532087f2ad67101fc1efc3b286cbffc91d7e8dce3651b973c5c2e29ba46706423f6e7a7f3c3043dcf6d030fe3a4121cd98c287fb5d70f5ef56e8bf9b8a457a6d502ce33290172dcfaef30986d8d8e4fc9b153bbbee914b82f7fbc421e9361fe3e569b6904b73f2f9d5f26e80562050840699447145de0417f8e07dda55e64bd71638d79f4ed93e6b5839de6cb8a7e53d73e6206bc541fb3d1e682198dc4a8f77d88d6279a87a4f1404a0eb0aff4b208fc3d446ec0adabccf473d89f8fce4f13f442f303d3ef013db65b027418dd46ff18d11e46e4c7c41444df6b9ea936b73e5f2b23f900f7bed79bcc8addcd66d9ce26b3f8d546f3d797ea6519ed954f57995f3c522ebf1723ff672d2e917e377e1740d6ac42ff3ee12e1c13f402b70d9b467b85116935527c447e80bb70a9976e7be0222a4b74f6dea3df8f341c8d044e9b41b4c6ef9446c46b28f0bbf03eecefd18563825e640e0311a06aaa3d9bf1ff36d06a825d1c26e834ed80093a4d3b60824ed30e98a0d3b40326e834ed80093a4d3b60824ed30e98a0d3b40326e834ed80093a4d3b60824ed30e98a0d3b40326e834ed80093a4d3b60824ed30e98a0d3b40326e834ed80093a4d3b60824ed30e98a017a12f909d62e7b7d71bf78a2b2e13f402f26cf005377fc416d0ba83ab6cfc18f8fe30dbbf033f6bffbcfc0ecf613f07fb0d0b9dcf26e879e6d9767155e000a04287ed9cb13df3f476cefe36ce38d4e11f1797c8feeef89a6ee58cad9fb1ffbb6dfc7c624b689cbee27dff822525b2a73b7e1e5b4327b683f6be4fb783c6dfd7cfa30d41b0416156903f26e839741004055a61c6ff2bc8800de00140bcc7d7f17d973d5a6116adad36b76ea93577ef68300fee6e96b3d9b67cda66761eec34ef1ce936fb4a7bcd17e57de660d580395c3b608e78d6d7ef6a06ccd755fde6c0893e39c471cf775d66fb571d66d3be56f3c4bb2d72d8c31d2f37989b37d798dfadae343f5f592e9fedbcfbfc2399f079d0b8a091404380c603d732a311b0ae11660310bd097a443e0d6a0b04051a5113d0001e8083efc3c929d7acab367ff3607bfc9d16f3d2171de6fd1f7a04d0baf651d33f3c21872dce75e4d27c85239b46c6a74c67ffb8a938392c473ea151d8fc499b9cfaf2bf2fd4c90190387411d782466081771dc828904d6803806e05e18fde043d4bb62bae9d7aa33f8b541951192936c0c6f7fef2d17273f3a61a73ff1b4de6792f1a23ba96350ec95968e393c9410cd87178a29e84aaa7aaa66afb67f530c6b984efc1618c2d3d63d208a11158fbc12973f7f606b3688ddf00e0baf59ad1a825e08f37785a5e30c1cfac097a863c036cafd26afa8d7e34526f3d130d95fb578f5798ffdb5a6756ef6d316f7a401c6b18323d1ed0006b3601248550819ceb5864fdb96415fcb9d96c1fab0ce3739c49c83870daebd795fde6652f2341f7e2868d313918126583c81f76c69b1df509fefc4cd0d3f40cb03d4bc504d81ec8181843e442d406f0d76d8899957b9aa5cffc43fda0e9f3d2edd9046812d1d473186890bee642c1cf61dbce28f0aadf1714fe0ff063ec60cb8176b37847a3b96275a5942b223e8c94df067fb6f2a7e736414fc176e5d2ca87af69c406d848516f79b6d6ac7eaf45d2efc6ce51a9f4615220c280866683249f15fcfc6abb01982d03181a9d34654d43d2203ee0756116ada996b206f488f848fdf16f3d4156ef05a19fdb047d4ecf841b150c834dfa280b5fffc3ba6a1928fba8a4d79cec1e4b54745b80390c6ac87e5fac0a5e2b6cc31f76fde8f363e06fd7379d66c9ab8de63f5655ca683fb225f4f1c3a23da10f37410f7130722335473439db031b511b8fb4300abee3ab0e53d9321c1ab15181615466bb72aba959e0d70631a48c064626cdb7d50366fd47adf2b80f8d2e1a5b34ba180b21f4b39ba0c73d2bdc5ef4409ffb375e3479e8cd66f3d1b15ed3d13f1eaf7ad30a031bb2df536756b0cc60053f588628e758eb8879edeb4ef3d797eaa5cb84477a02bd977111fa99761af420dc30d2724409c08d09228fbc75d27c76a2cff40f4fc6ab982f543c01dbb3564afd7ab05252e92958a6b036a841a1cbb4fb5097b9f3950699d423d07bd917eeb136dcf6bd77cd4e82ae80eb6839fe8d4880011f3cfac2e31fc03de8a58ab600352a995df1207da5b2a76079c388ea13f1fb610ba3f9af7fdb69feb2b54eee31b232f4e9f57e07eb810b76127469e13deb6839de23fd7bfb48b7e91a9899966b0409ab6854ee14bc17805eef932da4f7988074ddfa98dc6f646b9ada6b94770178a740d7d61cd11b691d1edf3cfb499b54065bc1c80dd9efa9fc92de1b7518f4e39353e69bea01c9d630ad18c0037c34f25a2f8a19782740c78d442b8e9b8b9b89e88d851ec36353f16ae057161b6edb54e148ef97de3b6db46d21b57ff1f37673cd33d5f214058dbed613bc1623f045093a6e94f6c7f4b118066830b056de3c1cbfddbe5009ec01353555f8d2fba8f714f7da867e7c62caec2feb357fd95627d36f318087fa538cc01715e87a6312807bfd6f0cae6dfcb8d534778dc56fefe9d15bbf4615a7a6efb3ffaaa9bdad23b583e6de9d8d3332bf6202be2840b701c7e331008ee7de5b3f6b9765952a466f4aefb7de7b6df05527bc8c6fc5ee26a94fc514e10b1a741b70cc8c424bfcef8f5598e7f6b7c9f24e95001ebfb1b8a77a932977a57540ad4140557e72d82c7dadd19feeecf5e1316807172aec050b3a0a5c0adf7b8fe7df58e8809d55ec596b36e090de548a52d97502afc1c1bb92c621739bd787c7a01d9ec5176a742f38d0ed288e8287d1b7aa6d9b7e44a68043849b4a4661c0db11fec0f13e73edba980cecea7378bb3ee6bb0b0a74142a0a18afe8875fbf21269b19a80838355f0581479dd27f63038d6d9fb79b4b31c5d6cb22511791511602ec0501ba1dc59142e13dfae1287828d8fada378ba2d2915d87f06aa7f30d1da3e6ce57ea136be435f8e433f0790f3a0a0f7d71bc47daf43fcfd5ca1a6595dde2da3787a23221bb4ee11573eb55d8611783bf1addb5bedaf5375f9cb7a0631345141a0a105b0ac19bf7b5250a9d805351caae639241c6dfb7748fc9601d9ef8a0dee6ebc87c5e82ae0585fdd6d05afef6c94a73283620050bd9691401a7a2920d3b5eed0d475e38d02ebbdf60869da6f2c17a9d4be71de85a40282cb492d82d551f99318a53f920bbee499d947746068691ca631c09410a75395f80cf2bd05128ba7410911c2785a8ecd6938053b9960d3b5eb5efded4352a4f8310a400bbd66bbb9ee7c27903ba428e57ecee82d5452a4dd5edc2a5a87c905d1f35186137db3b5eaa17d8f365902e2f4057c8f5b083778e764b8161c083cfc5a97c975d37edf1a3e5bb9af206f69c836e477240fec10f3d5248ec8f5385a4d960c7fef4d3b0a3cf7e3a035138a7a0db2d1ca6b2ee8d47f220e4145508b261b727702ddbd998e8b3e72aaae70c746dd9f0dc115b3be1740e88905385ac50d8bd7fdffe62bd2c7bc5e2ab5cc09e43d0fde78d68e99e7acf1f5d47c11072aad065c3ae693c0e9fc0f1d7186846bd8f1af69c80ae902392ff796b9d1404640fbc5154212b0c766c42aae7c747bd182672d07171b8482c06c0e4029ca70d69611072aa5864c3ae8fdede3dda2d014ed76f44e59c44745c24660fe1b451480bc12e188a2a06699d86b5cfbe6c575362214c54513d52d03565c7452eded12017adfd723545159bb45e2be86d7de392cd22abf553f8705e32e9c8233a26c5e03183ee08a3174fc8a96296d66fcd5e5ffdaa23f17c3d8aa81e29e8b8285cdceabdfe283bfbe5942b421d574323e353e6aab5d5fe69311e1bd9863d52d011cd31ead8d8392a17cb684eb924ade71ae0767dd369cd9acbae23035da3f9036f34cb45e262ed168ea25c905de77b8726e4fc01f4d5c398c9a4238de84853beadf63790f0416734a7dc9282ae517dd5bb2db2d169b6a37a24a0a30f82ada07ebfa64afa2690ddb251946b52d0b17312d808e32693ce3ae8fa480dadd6636f9f948b63da4eb92cbbee63edfa15ab2b650baa307e32e548223a40c76ca0f7be9f5e824a51ae4a41d729dfcb7636c982177092add1f74840c78747faaedb34eb24198a7255a8fffa4c1d87422cf0325edd7a2a1b8e04748c2a5efe7885e91f9e940bd3168da25c9666b69f94f5ca7e0c088661fc64c259071d1f1e1771c386d88c39ed14e5b2c080ce23296d1c1256b2396926fba07bfd0e2c60b96d5bbd5c1444d029caebc2c639c0114f177b693b269485319409671d747f20aeccfc7dbbbf8885693b45f952d04f768fc98c519cd21ac650261c11e8a5e62e824e513344d029ca0111748a7240049da21c1041a7280744d029ca0111748a7240049da21c1041a7280744d029ca0111748a7240049da21c1041a7280744d029ca0111748a7240049da21c1041a7280744d029ca0111748a7240049da21c1041a7280744d029ca011535e8d8b41e1748d3ae5b4f6a69ee2a22d017eff041a7286aa6dafac60b1f743da9e5f617eb4d67ffb869edf5dd46d38ebbb577cc740d4c9892c6217371a1830ecb69aa1ef097ae2ca7693a604473e524c84ea69c75d0f5c3e3f5675e8b45d3f44c2392db9cd8fc64ca9145f4b0afd3343ded6c721209e8344de7d6049da61d3041a769074cd069da0113749a76c0049da61d3041a769074cd069da0113749a76c0049da61d3041a769074cd069da0113749a76c0049da61d3041a769074cd069da0113749a76c0049da61d3041a769074cd069da0113749a2e7a9f30ff0f1f9d5df5ea3e3eea0000000049454e44ae426082, 1),
(3, 'E', 'F', 6, '12345678909965', 'EF@mail.com', 'address 3 street 3 ............', 0x89504e470d0a1a0a0000000d49484452000000fa000000fa080600000088ec5a3d000000017352474200aece1ce90000000467414d410000b18f0bfc6105000000097048597300000ec100000ec101b8916bed0000020e69545874584d4c3a636f6d2e61646f62652e786d7000000000003c3f787061636b657420626567696e3d27efbbbf272069643d2757354d304d7043656869487a7265537a4e54637a6b633964273f3e0a3c783a786d706d65746120786d6c6e733a783d2761646f62653a6e733a6d6574612f2720783a786d70746b3d27496d6167653a3a45786966546f6f6c2031302e3130273e0a3c7264663a52444620786d6c6e733a7264663d27687474703a2f2f7777772e77332e6f72672f313939392f30322f32322d7264662d73796e7461782d6e7323273e0a0a203c7264663a4465736372697074696f6e207264663a61626f75743d27270a2020786d6c6e733a7064663d27687474703a2f2f6e732e61646f62652e636f6d2f7064662f312e332f273e0a20203c7064663a417574686f723e3130737061636530303c2f7064663a417574686f723e0a203c2f7264663a4465736372697074696f6e3e0a0a203c7264663a4465736372697074696f6e207264663a61626f75743d27270a2020786d6c6e733a786d703d27687474703a2f2f6e732e61646f62652e636f6d2f7861702f312e302f273e0a20203c786d703a43726561746f72546f6f6c3e43616e76613c2f786d703a43726561746f72546f6f6c3e0a203c2f7264663a4465736372697074696f6e3e0a3c2f7264663a5244463e0a3c2f783a786d706d6574613e0a3c3f787061636b657420656e643d2772273f3e74fe812f00001d3349444154785eed9d0bb05d5579c783892606019f3856a5d516b456f051b47646c75a1fd55a1ddf76943ad676b45a6ba9ed38f585cfb10e14082121040821e485511e0102099080401e849008e511248110082410f222e1ece7595ddff7adb5f63ae7ee24e7de73ce3e8ff5ff337feebe27f79e7bf6dedf6f7ddf5a7bedb5c745e7be40c1303cdc06e8301c80013a0c0760800ec30118a0c3700006e8301c80013a0c0760800ec30118a0c3700006e8301c80013a0c0760800ec30118a0c3700006e8301c80013a0c0760800ec30118a0c3700006e8301c80013a0c0760800ec30118a0c3700006e8301c80013a0c0760800ec30118a00f9ba73e5fd546bc3ed178928aa695985e773f53fc5e4dbf97ff3d3cb806e803ee461835a8d35ea83d596f6b7809fa73c6abda9471aa76b6f659da6736995ea37fa39f39e708fd7e13e4bdecfb7043503400807f300dd007d045c6b660bf9001655809de33b40960fa99f38e56d145af56f1dc1355bce8dd2abef2c32abefae3852fff808a2ffb0b15cd394145338f55d1f42335f0cf53b5fff5de473700fcf7f86f11f8e67300fa8131401f10175019b8f5d7da149d810948320138fb4f54bce4332a5d7d9aca1e98a7f26db7ab7cdf63aa9eec57f52c56f57a5d358b5ea9e799aaa735558ff6aa7cd746956f59a6d27bce57c96f4fd50dc1fb5574c12b057e029f1a92a9e347404fd583db86fbce00bddf6d0122a82873db6cabcb6dcad4c9f55f54e9dd3354fef4dd0ceb6145b0fb3e8cb821a83da3b2adcb557ac7cf04fcf38e92cfa0a1e7cf671a1efa9cc8f2fd6980dea776c0983e3297d01a2ecaaec9b22fab6cd3951ac05d42a3a77a3dd7193ad14e2553d3f71ae8d64dbfaf7fcfbc4799f2dd9b54fabbe95cf653f780a1d7d585ab34e87303f8be3240ef338f009c4a65cade0bdfa933f77455dfffa4c14d24606aa89b80967f3b7cc66e56f3ef8b2dfcf4771adf337f6a834a6efd2fae2e5ca5618107ec7d6380de471630a80f3ec98d86c7577c50650f5fd300980f9db5fe5fc3cf7452f67d8bbf278d8bdee0d749f5e79e52e9fab35574c9f126c35be051cef783017a1fb8c8e2ba0f6e46cee345ef51d996a50623919fb9f97b035e95e2bf67fe2edb343a5634f097ae9fa233fc6ba5ab41fb46fb455f017ccf0cd07b6c06c08c5e3318b35fafb207e6f2201883e34a730f2eed5ecb7d16b76db2bc51bdb65325b77d47f7d7a5fb8172beb706e83d724316371356925b4e55f5688f2145c36300976ffb03f032f99f8db73de0f31d77a9f8d7ef35d97d02376a80bd7a03f41e5802ddf4c50980396f54d9d69b0c1a1a960101bc59fe67f5333cbd92ae3b9daff5cb60dd6419ad07f09519a0576c0e6e93d5a8a44d967d49d5e3670508063c97ed0102dc97fddcf693531f5ebfc0dbf98e752a9afb67d2b861a0ae5203f40a2d909b01b773c6abf477d3180012436eb70714725ffe3ef0769ec876bc4fc54b3e2bb05355837e7b2506e815d9414ea5ebcc97abec5129d5eb7599d422db830f78b3787f2cf05edf3d597d5a31b3ee5cf4dbbb6d805e810572dd2fa5c09efdc72adf791f073bcf3eb3100c21e456febe51c3a6ffc7dbe93d335d758341baee1aa077d90d90cf7db3aa3ffb18073943ce5b02c2b0ab11761aa8d3c06b65bf5fc4c788e6f003f6ee19a077d102b92ed72de407b67370dbfe2a65b61020f755c0aef7dd1c876cf36203bbceece8b377c500bd4b76909fa5219f7382cee4db38a8dda05480905b95c24e999da6cd32e480bdd306e85db040aecb500adc0b5ea9f2dd0f713003f2428db0cb205d7acf0ca97e7834de1cc7a6630b8fcd00bdc396e0a48c345ed5ce9da4b2c76fe32006e423d508bbf4d99395df73d7d9017ae70cd0bb61cae6ba644fefbd98839720e79006e42354c09ef3f121c5d77c12b077d800bd8396925d07e719e354b2e25f396865b65b91b9a09172c7c764759aef1fcd7983992e8b91f84e18a077c802b964f278c1db798d360e5a6f320c747015b04b7f3ddbb6528ea9851cb0b76580de49d34aacfa6bbefd4e0e561bb480fcf0a26354c02ee319e99a9fa284ef90017a07ec4a761d94e99a9f7090fa9003f4d6e440775f735e8a9a2f51a2846fcb00bd4dbb929dfa93f3df8a92bd4d39c84d43494b56f3acb992630fb76e80de114f64d0b347aee3e044c9de9ee8b8d191b3c73159f10d94f06d1aa0b76157b29f394e25d77e8a8352ee4643b9de8e5c56375551feece32abae0589dd9e989313299061e9d017abbd6b0f300dc8ef51c94ee1211406f4b0e7693d53130d79e01fa18cd0f29300370c9d2533818097264f3ce888f211f4b33d6f1dc4e593b9ea615632efca80dd0db343ddc30dfbe568211d9bca31a91d557ffc865f5b273011fdc007d0cae9d5bf4cde3c51fe320a4cc836cde79c931357df5bd8faa68c64bccedace5e7062e37401fb375f978d638956dba8a8390b20e40efbcec317537bddcf01564f53118a08fd2d23794cb69b4a2693d8d38000179776541cf1ebbd9f4d3cbcf0f5c6e803e1653d97ec6387e0e3909d9bcbbf28f2d011fcd7f9b34b45854b26503f4b1d85d52bbcb051fd43d59d08b4b6d3fe68616e57beb06e8a331670f99ee1a2f3c59075f31cdd5661ca87bb20d6abe7d9d647264f3960dd0476177ed9cee37bffdbb1c74b66c87ba2bbf31ad67898ae69d64ca77cc946bc5007d0ca6c1a0ecd11b24e8749601e6d5886137e57b72cbb74cf93e19fdf4160cd047e58932dffac257a97a6d17079c9f69a0eecb829e6d5c20b7afeaae54f9b9827d03f496adb306dd8e4a9364aefa08079b261ca0572839d666f2cceecd2a9afe229dcd3179a61503f4162dfd735d269e8efe79afe437aa74ecd14f6fdd007d34366bc265f7cf75c106552b3fab27d77fa19825877efa210dd047611af4a9e9ec913f7907079abdf71caa4e0cba5d538e6e72b1037225e70b2e0cd047615ed2e8fc97a8fa81a738d0ec8d2c50b5720372f7cf9127bbe84aabec7cc185017acb36f3dbe7fca9b72e1c20af5a92d1cdc499adcb71275b8b06e8addaf4cfe3cb3f10d4e38efb516ee47de77d2a9a4ed7d127949f33d819a0b76a9a11476bc32df91c0719caf6dec9825e3fb04345335e2c5daab273063b03f4564da0d3b251377d55828c66c401f49ec81ef77ab2bf6179a9d2f306b3017aaba6915d9ae37eeb7f4a90e11a7acfe4404f6b2abae47880de82017aab369365d295df9320a327a402f49ec8819ec52a9a7b2226cdb46080deaa2de8ab7e204106d07b26803e7a03f4568d8cde3702e8a337406fd5a68f9ea28fde7339d0a98f3ee704f4d15b30406fd576c1899bbe26418651f79ec9818e51f7960dd05bb5bdbc76dddf4b90e13a7acfe4aea33ff79459e71dd7d10f6780deaaedccb82b3e8899713d969b19f7ccfd2a9a7e2466c6b56080deb2cd5cf74bdf84b9ee3d141d7337d79dd67867c8718beae10cd04761b97beda5ba647c9a030de57b6fe4ee5e7b602e96936ad1007d1476f7a36fbf93030df7a3572fc9e8e67ef4353fc1fde82d1aa08fca6685998d0b38d0b0c24cf562d04d1f9d1e578d15665a33406fd10d6bc6adfc3e071aaea5572b815c8e371dfbd83d9a0997d60e6780deaa2963d85560177f94834d475d43f041dd951c6b33e2bee711159d7794ee4e61e189560cd047e589aa36e5089ea4518f7673c001f46ae506e21e5c846c3e0a03f4319860cfb6dec401672ff540dd1737aa06f4e496533110370a03f4d1da4e855df5430e38f4d3ab915f3951e31acf7f3b32fa280cd047631ed93533e42e7b5711785e1042dd135dce24e53b364816c7487bcb06e863b0bb9efed4ef38f06c0042dd916d486dd99edef13353b6e3f9e8ad1aa08fc5a67c4fd7fc9403cf96efc8eadd917f6c69d43d5ef80e37230e4f526dcd007d9496c032f3dee79da4e859dd128000bd9b72f3db1fbf4df1136d4bce0d7c7003f4315b60cf1ebe960390b33afd07d83b2adb80bad1f69bbe5acc862b3d2f709901fa18cc599dca779a3c73cd273900edbc7780de59c9313593649e7d5c45335f8efbcfc76080de8e7950ee052adfb19e03d1969780bd33b2c7b11884fb39b2f9180dd0db3165755a75e686af70206250ae73b2c7d166f37a6d978a66fda15b360a8370a333406fd372a96d92ca9fbe5b021259bd23b2c7cf65f3b5bfc09d6a6d18a0b761d757a7ac6ed792d3a0db6c048d4d0e729bcde9196b17be4aee33c04cb83119a077c474b3cb38956d5d2e8169b210601f9bb8a1a4af76a4fdb7ffe1b2394af6b119a0b769c9ea665aecc27714598820a78005eca392cbe606f27cfb5a39c600bc2d03f40ed82fe1d33b7fc9016a973be2ec04d85b5273e348ff8f17bd4766c151630ad8c76c80de097300eabee3d409aa366db237308712be55f90da25b136edde928d93b6480de21bbac4e25fcafe8ce365bc27ba53c74501590db927d1d5fcda0c6938f31406fcb00bd83f64bf8e4d66f73c052e072107b190b6a9483dcdc05488f5a8ae79d8892bd8306e85df1440e525a779c0317fdf583aa80dc34867a3b5ef27994ec1d3640efb0253035e8e78c57d174dd5fdfbe560219b08f900fb92dd9e9d65f0779c9f185c76680de054b09af4b4eba9575d6712adfb79583d81f9c0b1df646c8cde0db7db3a55c37936290cd3b6780de250bec3a2b9da90377de5b78ae3609b097439e3d721d5741f22c35cc65efb4017a172db04f96db5917be53c3fe0c0775c8b09742be65195f9694db4f31f8d60d03f42edbc1aefb9df182b7170f683441ae233e08d8fd464d2097c68e16eea0cb68bc6a0c46d8bb66805e81fdcc1ecd7db3caf76ee12027d81b82df6c0f9bfc7da37905766e41b671a13e3613249303f2ae1aa05764073b0d365df41a956d5bc5c12e77bb15936a860d76de1f0bb9c9e2249ef576f6387d5cc603f20a0cd02bb4c0fe4209705daed228b3950fc130c0ee375abc6dba2af52c52c90dff28d50d1f170cbc5561805eb10576ca60e339bb272bbea1833f160834ecc390ddf9735bc869210eb34ff933f7ab78c1c9ee3ab93b1e4dc708eebc017a0f2cc14dd78a35f03c48f7e76e620d4980f7b2e18000ef7f56ee8bdb2cae9dde335345338e31d35a277bc7a1fc18c19d3540ef915d905329af839f6681a5ab4f53f5b426703028b25a8d7cdfbfc03702aeb7bd6e48be6ba38a177f8c4b751974c3b4d65e18a0f7d81cf4ba94e71565a9a49d7ba2ca362f369810381a767f792a0faa5eab016eb23fce90ece7555ba3f38e96fe38ed23fae33d3340ef033764771aa8d3193ebeea6f55be6da5c1c6c0644afa66c0aa14ff3df377c554797880eb4629bdf76215cd7903375c3ce79ff6cbdf4fb87203f43eb28040994ff7dd4da91b5ffb19953f7eabc148c4c07b599e50b7dbdd10bfaffd5b6c81db0e1c92288367f7cd56d1fcb7c967a779fe3ce0862cde0f06e87d663fbbf3f79c158f50f1e5efe7db5eebd15e8396888137d03910f91f647b2cb2bfe7de8f4d7f8726f8147093f2dd9bf88eb3e892e33dc051a6f79b017a9f7a04f00411f5752f7e9d4a6ef977953d76b31bb8f325e06b209be16fd9f43ba6f128019b44cb2f670fccd3d5c6a7751ffc28698c1ce0ba1aa1cf0dc8fbca00bddfed80d71069d3b2d2f4c8665ee37cce1bf93a7cb67181caf73ec2901f520ee4c2f41afb10aaa7cfa97cc75d2add305525d77e4a45171c2b0d0f014e779b99129d3e27b2787f1aa00f880b80345036cb5be8e9dab4ceacb1ee1f2737feb34ad79fadb2cd57ab7ce77dbad4dfc3b3d1ca32b32fcee0ba42a81fd8aef227efe0c6235df313c9dab35fa7b3b42ec5096cee4ac8dc74fb391a3f1fdc8f06e883e606a02cf43ad3d3bddc34624fe073c6a7527ab28a661eaba24bdfa4e245ef56f1e28f32b8f4549964e9292a59f239155ff309155ff9215e933e9afd7a15cd78b1404dd7f64fd7a6cc4def457f97fe16e01e4803f40177236c067c03a3dc197684bb6467fbf92e33dbefe9dfe867a842a06ccdef49efa51b0a7e2f29cb47fe3d78500cd087cc23412448c9d2c7770d81b3799d2feb15409331a8363c06e8301c80013a0c0760800ec30118a0c3700006e8301c80013a0c0760800ec30118a0c3700006e8301c80013a0c0760800ec30118a0c3700006e8301c80013a0c0760800ec30118a0c3700006e8301c80013a0c0760800ec30118a00fa3a73e5fd67b6bc3580472b80cd007c90705b879f1475abdd5ace0ca0b3fda0522cb7ed7da7f0ffff7ed7bd8f719f9bb6814fadf00bddf5c0ab306ac0162828e00a3e59c9f27cb34dbe59c6919675ad79dd664a7aff49a5bcaf90859ffbdc1e6f7fd25a1fddfb7cb42bbf7d0bfc360d367b29fc76f508acf8d06a07f0cd07be891207830d336414f20126416403201a981e39f3bff652abae4047940c3d51f57c9b22ff1b3d9d2353f56e986292abbf722953db850659baf52d923d7a96ceb72cf2b54f6e88d2a7b7889ca1eba9c1fe298de73be4ad79daed2dbbfab92155fe7873dc4577e58c50b4f56d1ace35434e318fe6c0c3d3502d420d057fa4cf4da54fdb9685f1a1a253400bd3640afc88dc16d33b4c9863ed0161e02877e76c64be4492b577d4425cbff45a56bff4765f7cf51b906941fb954db258f523acc2397da153fb22939a0eafb9f50f9f675fcc8276e14567d5f254bff41c5bf7eaf8a2efe23154d7f91647d5b59500335a201d006fc951aa077c923c13601ce50eb129a40b6a531fdecf92f55d182935572fd1754bafa347e5a69fec46a7e72693d8be551c887937d88a27d12aa7daaaa333d25f560f67fcefeae7edd3e88f130e227b1d2c318f73ccc8d103502c9addfe62a831ea9cc0dc014bddf769fa951a3aa848f8d69f03cf8017e670dd03be4c6c034d99a4a5cea4753503ba875705ff04a15ffe67d2ab9f99b1a88192adf769baa3ff71483755011480ca48557201413e0232dbfd65213c1e29fa5df35dbe5a6bf671b06d32050637008d5d3889ff69a3d7cad4aeffca5ee5ee80a60fedb5474ded192edbdcc4f0d6159d607f8ed19a08fd1a5199bc1d665ab055b67ed68fa912a9a77924a6efc8a4ad74f51f9e3bfd5e5f6ce836668066904cc8db0c9cfb50e70a7c57f9b3e8bd96e347d7eaf41d2af9589fe2ddfbb45659baee2f1047ad8238d01d071e506917c08f0f97577fce1c319a08fc20d70db51700a4c1f6c7a7cf165efd2d9fadf78702bdff520077d998aac381268fef78340d2cf6afefc85a90130fbabb7cb548ff77177851ac464e917799091c629187acaf8bacb23c75e1ad5d2f302971aa01fc6c5a52e93b535e03c704681470148af5ffa26952cff9a067b3ef7516da0fb2ab25c23d4fc6fdef6b0aa795fc53efc25c72cadf1c05fbae11c9df13fa5a20bffa028f5a971d5dd227b4edcf902f4a506e8252e82c596e413652089c0a6ac7dfecb78143c5d7786ca77ace7c1b266490053e9da94a9ed57c81d07fff8b806b124ebd7a3dd2adbb25425b77d47c50b4e56356a746db6a7b10f869ece57f3798401ba7139dc3a806c497ed16b54b2eccb321afeec36137a8524401bc1e6d7bd6de8d06a3e66e272f0e9fbfce97b74997f968aaffc1bee328d841e99de3a68d01b4e3ef7b94d596e33f7ace35472e33fa9eca12bf87a75832808196c2ac50b98fd6da83d351f53b6a9949a95efd9acd2bba7eb4aeba31afa633ce8f539360d379f737bbe037390a037676ffadef6b9e9d257b2f44b2adba4e18ef69830121d2a6b43dd55f3f1169b3e7ed3f1a74b79e98673557cf95f6bb075e36dfaf445b5d61c07c3ef3033bacddea634a76d2affd2ffbb50d5f73f69c24554c03d32d0a0dea9f95c14d03796f8f9d377ab74f58ff812270fe051a6e7e9c35e960f00f8a107bda15433ad39676f6dba7c93aefa01f7f57c01eec1129f17737ec4023dbd664503a6d996ebf95e009a56ccc05396378d3ec7c710033fd4a00be4b63c37f3afa74ee0ec9d6dbc4cd593fd260c28268a8cd01c38d0e0c89e2f7beeec2c3e5f5cdaaffd055f16a5b1186ef4bdb27e1833fc50822e27ca004ef3caa9ef3de3181e58cbb7af35a75b24707b036af62b34f0b2e7d19e5b3ed7ba5ab3aa6791ca1e5c247d79eac6519c500c0d21f043057a03e0e6060a1e5cbbfdbf55be679339bd74e28b411c3f18a0e154f37976a5bda77ceb0a155ffb19aef818788aa521027e284077278233f8f304f08b5eadd2353fe5db2aad6c8bee4ebc170050186a045edb34f856f9936b55b2f4141d533aae5c86973efc20033fd0a0fb8047b6259ef90a95aefa21dfde692527137d6fa850732c480228cafa7cfb9d3ac37fda4d7716d8270d2cec030b3a1f703ef81319f0dab4c92ab9e55455f766ad3500ae003834527e4cf0365f71f180df76bbeec3bf5f06ed78949eca791d730306fcc081ee6771be2eaa9d2cf9acca77de6b4e4d01386f036ea80595026f323cbd4a4b6d4573df2c49c55c87e73beb0604f881025db23895e9cf977ef8bc937831032b1f70bde14e1c04b5aa32e0f5ffe4fbb4a6d23b7e2e0b6670393f38d97d20406fc8e25442e983cbfdf02c921360ca2d8bb57fb220682c1a097c314a9fefdac873ea79e215dd234f7149c9a78f81ef7bd0e5e099514f5d36c5bffa4bbe47d94ab2b87742cc360475427e4cf1b6019e5ea129d3d1cc977bd9bd7f4bf93e06ddb490d45ad26406ed74e5f78a838e7e3854a138be5cec15e53c2d34125ffe81e2525c9f8eccf725e8ee404d9b2cade5acd7aa6ccb323eb024bf8c02e05055f2130a6fe7b24418bd4273366c42b2a57c735cf7d27d077a01b96e19a954ffcdfbdc25336471a81fd4003c6577333a440fc2a0791cbc960125298ae53e01beaf4017c8cdad831af264f9d78b01365a65c46e0370a8c76a809db64d76cf773fa4e2796f91529e6077715d1ef355b96f40b790d3576a11e9ee222b69351b0f2e04f5831cec645bcac7fbf83156027b7f0cd2f505e805e41364d0edde8bf880e923a70f244a75a8bfc5716981f746e593eb3edf37b0f71cf406c8cf1ea7b2fb2f9503c5fd7173f00039d4e7f263d455a0dac9f5a738d8797d841ec1de53d02de4bc4d90df77b11ca026c82168107450d8977caee8b30707badbe1497c092d5d7fb61c18400e0db00e067b7cc5878accde03d87b063aef2cedb4def9e4e66fc901d10706904383ae52d8a3dd6ee9aa5ec0de13d01de43a93c7bff92b6ef1f86078036f1034c86a845d06e868455afbfc787b85a98c8f6eb872d065e7f44ed2cd00335fc10bf5915ccb07c8a1215123ec72e92dbd7796991b6f569eadc8bd29dd69d69b2e61e8f1462477fdd13b3010340ce27836716def6f8fbdcb6e5565f54a416f28d9affe04efb4bf022b2087865136ae2de8f9bec764aa2c3f067a622597dc7a50ba4f50b56947ba156150b24321c8c16e4bf8bbceac34ab570b3aed148fb27f9377962fa5d157400e0db938c6b51df0c90115cd7983ac4357c1c05cc5a5fb047ebc6dbeebf7b2b3764d2e800e05a022abcb287cba61aacbea65bc74d29580ce53ff6c365f7a0aefa4bd660ec8a19024316f2e233ff7343f7fc0f5d59bb8e9a42bcce8ba3ca169ae5b96ca4e72ab06d0a1b064939bcdeac98a6f9827fa7637ab5704ba869c56deb8e478ee9b90ec0e435068a2a8b783d0d9a337081ba5dc74ce5d07dd5d52d3ad5672d35779e750b64321cb8f7dba773d9a759c81bd7be57b35199d26c89c4977a7cd969d33a3ed1014a22ce8b6af5edcdda6cbf72e8dbe57331847d7cecf9da4f21d77f18ed949321014aa18747b4dfd8e9f9b7eba2c3d55c650bbae00743baffd5855afede61da3960ca043a1cb0ec8650ffeca5d4f2f67a87d57033aedc4fcb7ba160c9043a14b32ba9912fbc4aaaeaf3ed37dd0cd0d2cb4c8bdc51ba0439054b6a4fc99075434fd48995056c650075c0de87413cbe2bfe39dd27b07d02148cb81be6733cf18ad4da5fbd44b18ea80ab03fdea8ff34e0174081215a03f2ca0f38214250c75c0001d827aa411191da043d0f009191d8202104087a00004d02128000174080a40001d8202104087a00004d02128000174080a40001d8202104087a00004d02128000174080a40001d8202104087a00004d02128000174080a40001d8202104087a00004d02128000d29e81f93a748f2e398e8492d301cb8cd935af23d9b04f4a158eef99a4ff04e4110d4a8fcd9c78624a3d3935aaef8a0aaef7f42d5f73daabd1586e1bd9a8503db55be6da58aa6bf68c033bab63c237d926eb58e866178848f2a386962a753ee3ae8f6c3d3572a4d60186eb2cee43e273e3f9d727519bde47518860b7793934a408761b8b706e8301c80013a0c0760800ec30118a0c3700006e8301c80013a0c0760800ec30118a0c3700006e8301c80013a0c0760800ec30118a0c3700006e8301c80013a0c0760800ec30118a0c3700006e8301c80013a0c0760800ec30118a0c3f0d0fb05eaff0137ee9d56722f3ffd0000000049454e44ae426082, 1);
INSERT INTO `mycontact` (`id`, `fname`, `lname`, `group_id`, `phone`, `email`, `address`, `pic`, `userid`) VALUES
(4, 'K', 'M', 4, '54130851456', 'KM@mail.com', 'address 4 street 4 ............', 0x89504e470d0a1a0a0000000d49484452000000fa000000fa080600000088ec5a3d000000017352474200aece1ce90000000467414d410000b18f0bfc6105000000097048597300000ec200000ec20115284a800000020e69545874584d4c3a636f6d2e61646f62652e786d7000000000003c3f787061636b657420626567696e3d27efbbbf272069643d2757354d304d7043656869487a7265537a4e54637a6b633964273f3e0a3c783a786d706d65746120786d6c6e733a783d2761646f62653a6e733a6d6574612f2720783a786d70746b3d27496d6167653a3a45786966546f6f6c2031302e3130273e0a3c7264663a52444620786d6c6e733a7264663d27687474703a2f2f7777772e77332e6f72672f313939392f30322f32322d7264662d73796e7461782d6e7323273e0a0a203c7264663a4465736372697074696f6e207264663a61626f75743d27270a2020786d6c6e733a7064663d27687474703a2f2f6e732e61646f62652e636f6d2f7064662f312e332f273e0a20203c7064663a417574686f723e3130737061636530303c2f7064663a417574686f723e0a203c2f7264663a4465736372697074696f6e3e0a0a203c7264663a4465736372697074696f6e207264663a61626f75743d27270a2020786d6c6e733a786d703d27687474703a2f2f6e732e61646f62652e636f6d2f7861702f312e302f273e0a20203c786d703a43726561746f72546f6f6c3e43616e76613c2f786d703a43726561746f72546f6f6c3e0a203c2f7264663a4465736372697074696f6e3e0a3c2f7264663a5244463e0a3c2f783a786d706d6574613e0a3c3f787061636b657420656e643d2772273f3e74fe812f00001ed549444154785eed9d879f55e599c7f70fb0242631c6e066e3a2495cb3d964b39b5d1b4d141515354054562246b0c6c4c4d09bd205a40bd8e81d4404513a88a0281d51aaf4de86360c033e7b7ecfb9cf9d772e67987b676e3fbfdfe7f3fbdccb0c3373cf7b9eef79defefed33fbf7c8fd0349ddf26e8341d0213749a0e81093a4d87c0049da64360824ed3213041a7e91098a0d374084cd0693a0426e8341d0213749a0e81093a4d87c0049da64360824ed3213041a7e91098a0d374084cd0693a0426e8341d0213749a0e81093a4d87c0049da64360824ed3213041a7e91098a0d374084cd0f3ccd774bcfb82affd445d57fee515f3bd8eebca4f60effbb13f17f4bbe8dc3441cf71bb30fa30df2b3fed749fc28beffdb8c35df2a3f677ca0fdbd5961fb4ad25df6b5353ae685d23eaefb7a9e57dfd76effb77c8d5edeb48958e77e9efb2df830781fd7e98f0e7a6097a2ebaa3ff8a4cfdd34866aee201789507eb773d782f6d71ab027ccdcb77cb755d1e905ff77c446a0c6c26f7bff5a23c32b2b5341ed33eeafac39acb3d435f909bfb35911b7b34906b3db87fdca18e7cb755f5e8efb9da7b50e0eff97fab047c429f3b26e83962172a0087ec8d4cfd1d0fc8efb6aeae00fe6fdf3fca93e33b498f792364f2eab9b26cfb3ad95d70404e15154ad1b9b3f2edb7df4a90ce9d3f2f678a8be478e149d97c70a72cd8bc5c867f3e5ddacd1cac0f825ff66828577bf05fd6f236ad1154f16a0956f50ffa7c74f699a067b90d206b5b03b8cb5b55d3ea3632f53393ba7950be2febf76d95420fd6f204d85dc7a3a3a78fcbe2adabe4b505a3a5fef0e652b5733dcdf857b4aea99fcf7ff094febc747699a067a94b00f7b337dad7c8dec8ae2fbcdb53667eb544018cd5790fdee273e7a4f8fc39cdd4e7bf3d7f01dc1733fe3f7ece7e4790be39bc5bdef96c9a3418de423fe3e52dab69edc23eabfbf9e9ec3041cf32bb191cd07ccfcb9ac8de770d7d5ee1da7ffc7004375f001340c6020dd96b228afd79b3c2effd1dfb9e69eddecdf2f24743b5768107113afdac6941d8b3c7043d8b0c30000820472718a069e865cd591b3e2d0518a03b17812ed6a990fd5efb1bf67071ffdea193c764e892297253dfc715f8abdadfa1c0db75c55e2b9d5e13f42cb0810030d0738e2c5eefadbfc9fc4d5f4430f2e567ee12a00dbc74cafea6d932bd091d7f6f2c9d22bfe9f5a8077c35bd3654e9f14ae03367829e61fb20f8ed5a74b2fdae4f6399b47a6e041bbfcd1d94bd332df773e055fb061ce08f9c2a905766bde1d550eed19e7a66f7cc9aa067c816f000e0cab6b5b5aadb76e6eb5250785241013c06b8fddbde679bdccf865717f8357b36c9836fff5dabf3988c63d93db63ce8d49aa067c00874643a043daab7b7f67f42166d591941c3afa2bbe0d8fb6c97fb59ad1d6f1ab87882d65cd0b1f8d34ecceee936414fb311dc0878bc620aea9fa7f4909345a71506800140a05c02dc55ece7766b25ab776f946a039aeac38d55f9f49aa0a7d13ee4f7ea9833a699befdd97b0a00e466bf5c85dc957b0d782d3e57acef4f9c392d4dc777d2aa3c4618380c971e13f43419c18c2c86aaeb0dddeb7b55f5151af8e723935aa07c003c56ee35b90f334cd345271dcac516e004951b9d1c13f4345821ef749f06f6fff4692c1bf66fd36047963308f21172937b6d78b0d9fb919fcfd0e144acb0b3e64c50f9d19537414fb10d72b4c7b1826c4fc1410df2b391aa2c94af80bb7261c72bdaeed0b4758bb48c30879fb0a7ce043d8556c8bdea3a167f541fd8540e9c38a2c16ded5537f8c3221776cca7873efa6a899615323bdbeca931414f910d72b4c9b1d67beff1431ad416dc6184dc541a76ffa1376ddd42adc6a3dc30f448d8936b829e022348510d45e0fe7b8f86bada0b22e4252a057ba41a8f35f0e8c74056b7728c2d5bba6226e849b69f91ea46aba19f6e5bab416c6d72425e2217766bb3779df34e749c9da027cf043d05463647661abbe2430d5e425eb6ac3cdcc53a4dc676d47176c29e3c13f4241a4189e99dd888a1e5f4011ab4b1f3d5a90b65e582957010b6b4baa5df137265dbdbd9139f2413f42419c188596fd809e68ec1cf4a51f1590d5a77320c55b6ac7cacbdbe6cfb975aa6063961af9c097a126dc1b86af7060d560b5a425ebe504651d8239d96bd178cd6a5bbacc257de043d0946102218d1aeec357f9406a90b39418f4f564ef68a5974770ffdb3eeb6c32a7ce54cd02b69041f8210edc9db073d5daae3cd7da5e2939597f5c2a30a8f054041654fc76f829e0463180d9b47ccddb84c839355f6cac9cacdcab1c5f4feacc257d204bd12f6b3f9bd7a3aca13e35ed6a0b4451b84bce2b2b2b38e4cac0fc029323832caf68fa7133341afa42dc3acddb34983d28688087ae5149bd5d931573913f48abaa3bfdf1b3ae09e9bdc5d83d1c6cc0979e565e5888934d0e15305ba773c36ede0c297c44dd02b691c6eb872973f9cc66c9e5c59395a567f75de8868560fba1774d926e815b0db367f6c743b0d42b4272d0b51c9939fd5fd07e8cea3fbe5e75d1fd2750441f7852edb04bd8246f511b3e03efc6a890621abeda99195a90db7fd756aafe83cf8a0fb42079ba0276864731d4e6b575b77343d1399ea4ac8532b03fd93adab740ffca07b43976d825e01239b60e14a8f79c335f8d08624e8a9935bb600bef6ebcfe804256e2a19bf097a05ec07d7ddb266cfc648f0f96d482a3532d0ad53aee7fc91faa065f53d7e13f404acd5762f8b607ba83a439e8b0efdb819874a9dec818a4543b817cce6f19ba027686491cb5ade265d66bfad4167d5762ab5721fa6d867aee6a0a7b49f04fd2541f7892e6d825e0163d2c6c2cdcb35e8ac93884abd00ba95779b0f06e903171b7d30b3976f829ea001f9af5efd831c3b7d5c03cecd3454ea65edf477d7cc971fb4a9a54da9a0fb449736418fd3c81ab617dc23235b6bb019e4043d3d4239dbe4996d87f748d5cef74b154e9e89cb043d01e3c4954b5bdccaf67986e43e5451f66ca7c76f829e8091d1b1dbc9c45573a2c146a5576e567f7a5257ee161ba7097a024630613df48a9d5f6ba061b887193dbd4279db9e7258e4821a166a5a41f78b2e31414fc03808108b2a0e9d3ca681e6ee454ea54f56939ab072b6f699a0a61574bfe81213f4388d76e00fbdf6e0adfdff2445e74ae6b753e915cadc26ce7cbc652557b2c569821ea7adc7bdc1f0e61a641041cf8cac8d8e73e6aff5aaed553a12f6f24cd0e3b4bffebcba349bd059838cd5f6ccc9a61e1f3c79547ed6f541ee121b87097a9cb6156b7f9fd647838c1d71999395fba9a242677ba9e0fb46fb26e871dac6d03b7c3844838c63e89993957be1d922b9a9efe37a3c35c7d22f6e821ea701fa25982c33273259e61c41cf94acdc8bce154b8d81cdb49394a05fdc043d4ea3d3e79216b748b7b9c334c8b0828aa06746043d7113f4386d191d07f543cce89993953b8ebf22e8f199a0c7696ba377fc68a80619dbe8999395fb99e222b9b95f130f74b6d1cb33418fd3d6ebfed2b4be1a64ec75cf9cacdcd9eb1ebf097a9cd671f456d5e5a9895d34c86c1f772afdb271744c45f6f779e7387a7926e871da66c6351cde42830c22e89991cd8cdb78603b67c6c569821ea7d10644a74fb5014f5e70063a953ea1cc6daefb27dfac56c8b944b57c13f4048cd56bbfe8f67b397c8aabd732295bbd3669d51cdd1f80abd7ca37414fc0fe7af4babadd306467a153e913cadbd6a3f75a302ab21e9dfbbb9767829e80b1112132c89435f334d0b8c34cfa05d0ad8d8ee3aab9c34c7c26e809d8c6d2a3936638969e56a1acadbc51f6b7ebd14c9c2c138f097a9c46c6c010db15ad6b4aa3516d35d82cf0087b7a8472b66cbee3c85ea9dab91e379e88d3043d01635206266760924641e1490d38829e5e597369daba857a3416b3797c26e81530605fb46585061c4f6a499ff040b5f26e3bf3f5e8492d41f7882e6d829ea0edecb5ee734b1f994ca5566ecd09e3e8b507478e4e66468fcb043d01fbed749ca65a4bee79e38568e0b94148a54e18ce84d6eed91cbd1fb1f7880e3641af806d3c7dddde2d1a781680546a640f526b9fbfb66034cf474fd004bd02b6956cbd178cd2c0b3ea3bb37a6ae4962d6623d619f2bcdf11e7d5ae98d5e333414fd096cdd13ec4d95feebc77829e3ad9fcf64fb7ad95abdbdf19786fe8b24dd02b68837dce86cf3400d11b0ccc097b72650f50eb6d7f695a1ff94e2b56db133541af80fd4e397f9ff726633b6a00dabc77829e5ca13c6d92cc9e82837243f7fabab828e8bed0659ba057c2d63e5cbb679306a2552f097b7264e518ed845b38462e6736af90097a258c80c3a28abf4eeda581a8d57766f5a4c8cad176933976fa84fc57efff93abdafbfbc3b1132e3113f44adaafc6d7952f23436dcceac991959f65f37e8bc645b339214fdc04bd1246c021f0dcbde400ba6523aa62b2b2b3b6f9811347e457af3e1cd9049233e12a62829e24e358201ce30b591622ec15536c366f377330b379254dd02b69abba635a2c2672d82c39cbea843d315979d970daca5d1bb48c0978e54cd09360abc2a363aeffc7e335406dbb23c21ebfacacdcf2aaf7d68bbafb2e8633097bc54dd093600b40ec488aed87d7efdbaa416a5989a0972f17709c6b070d5c3c815b4525c9043d49462022eb604f39ac6cb32abc0d0f11f68b2b0a79e4e1b87af746ed78b33ddb097ae54cd093680423b20f3a8eec1c75776c9db007cbcac51e8e386aa9e6c066ba708555f6e498a0a7c0c844c8ec9356cfd5c0e5c297b265e5e1964db3099da3f3d90979724cd0936c042640c7796068afa3d718b27627612f910bb955d9b1f4d7dae541e54b57cc043d0506eca872e208a7dff66e24bb8e1dd02076c7d7c30ebb0bb9d578c6ad98a535213b1995d93c7926e82932821459094343b5063d2d474f9fd06026ecc190cfddb84cb76e46e71be7b227df043d8556d83b61396b0db96bc89f3dd88f6b5087197617726bce2cd8fc853673b0fc14938f0879f24dd0536c1ff6fb743efc1d839f95c327fd031ac3d641e75ea7421e79d8cddef0a9c28d79ec843c7526e86930821719eb0a2fb3d718d84c761edda7410ed8dde0b7f7f926f7dab050c516abbcbb66be5755bf9b993c0d26e869b29fd9fd0935bfe9f5a87cbee34b0d768cb35be0e723ecee35d94c4108b3ded059897639214fbd097a1aadb0477ae3b183e9b895b322615fd26e87f201761770bc5a7bbca8f8acfce5dd9eba0d17ca841d6fe931414fb311d4c86055bc4c861ef916d3fb47dbeb80dd85c3dee79adccf8ef5f95663d9786087dc39e439dd2a1bc38f561eb1654427df043d034670239321ab63baec9d839f8d4eac81721578f7b3e2d556f041233f9f21d77779409b2e765e1a214f9f097a866c418eaa3c821fef5f9d3742ce78555b0859d0e6c9432e44d926f7b3e1d56d866c3eb8531e1bdd4e3b22315b9073d73363829e6123e82df891ddd12bffe1574b2298f855dfd885310655a6659fc33e930bf8e9a242e9b3708c5ce76571cc23c03562c61b21cf8c097a16d8cdee381402abb61a8d6a23cbb6fb3df390816450d9d7ec7dba647fd38c9a870b381e4a63577c24b7f46ba20f2ef4aadbbc75429e3913f42cb29fddfdb6bb5575ff34fe153d86c8156072b33ce4be4fb6ec779bb1c61e705b271b84a5a5e33cc06bbffe8c7e768c2c10f0ec3141cf321b14d62b8d19759835567f587399b46a8e1c2f3c1941cb178037e80c44c87d9fa8627f078cb5e2e85c73e186be39bc5b579cddd4b78956d16d0d390f40cc2e13f42c752cf0188a43a6fcefd71e93b61fbc2e9f6c5d25678a8b22b895086d7a8c59e301e0c21faf91adf577e001e2ccdc7375f0e45199bc7aae3c31ee65a9dab99e56d191c1f1595123713f3f9d1d26e859ee6b3afaaf06114e2ab9ac6535cdf2b7f47f42c7e1a7ac99273b8eee53b82fa61298fdb16d406d5fbb984e9f3d236b766f9237974e55b87fd9a3a13e7850dbc06a3354d1315ce87f5e029e8d26e8396203084059dbf787ed00fd6d3a3c779d9759d13efedb7bafc990255364d6d74b65c3fe6d52e055f5311bad3c98f19028f46a08074f1c9515bbbed679e8bde68f52b07ff75a63fd7bd8100270dbdc74ab6db89f8fce4e13f41cb30b94418ff6307ab7af6c5b5b679d017e647cac9abbb14703b9adff9372ff5b2f4aa3516d15dca7277695e7267797a6133acbe3633bc81f46b494bb863e2fbfebd3587ed6f5411d06435bfbd216b76abb1bb508fc5dfc2dc29d9b26e839ee20f02de3a35a7d75fb3ada7ec6011357b4f6aadb1eb8c8ca9a9dbdf768f7a31a0eb071da0c7afaf13bf577790f0a806d3bbec4fe3d3a774cd0f3cc4120025aab6a9b2d3bfbf687f4f0ff627f9660e787093a4d87c0049da64360824ed3213041a7e91098a0d374084cd0693a0426e8341d0213749a0e81093a4d87c0049da64360824ed3213041a7e91098a0d374084cd0693a0426e8341d0213749a0e81093a4d87c0049da64360824ed3213041cf4327639f37ee15975f26e839e4b2e073377fd45d603bdd2bd776ba2fb201a4bfe9a3bb936b90f5ffd8ef28f5f3eee691c13fcb8742f69ba0679983a031907d88b105b3bf5bab6ee7dc01db39df11d9ceb9866ee38c7ddd2f69718beef18eafd956ced8eb1dfbbf97761dfd3ab684c64110d8021afbb95fe2193f8fada1b11d344e79bd4a7fdedf0e1a7fdf7f28b80f94d29f9b0f80ec3141cfa0634140d63498f11edf07588010b0016040f87def3dbe8eac7b43b7fa7273bf267a4043e331ede5f9293df46cb69ef347ca1b4bdf95d1cb67cad4b5f3f5ccf5b91b97c9c75b56ca62cffaba75952cdcbc42e66cf84c667cb95826ad9e2b233e9f2e83164f942eb3df96e6eff793a72676914746b6963a439e93dff66e24d777c1010ffed1507808e08180870b1e12f81a1e1eb8167b08e015ffdfbd4e3e00d26f829e26c706b76668af8a0c10f03d6466644d40e3c35c4bffdfcfbb3e24d5063c298f8e6c23ff78bfaff45b344e26ac9a2d0bb7acd023978e9e3eae872d9677e452658543177106dbfee38765f5ee8df2d1d74bbd87c20ce93667983c3fb9873cf0f6dff500c8aa9def57d8f110c075a046e11f0ce13f0070cd789811fef49aa0a7c86ee022a835531bd45e151820234303087ced17dd1e923bbdacf9cca46ef2eabc117a5ae9173bd6ebc9a567cf154770bbb8ec00453d4ad9fb1935de7bc6d77ce3fbb1f6bf67ff177f0f4724e37b76226b79c2ff29f41e043b8eecd55ac270af66d0e1c3215acbb8a9efe3fa00401301d7fc9d56d5f4f828c08fea3e4f8449bd097a925c0aec68b6aeabed6854bdd1de85ab78c18dd3481f7ae725693d63a00c5f365d3edbbe4e0e9d3ca6b0952580a43046e075212ccbf673f12af6e7828c13587156baff597ce3735c4ca871e0b4d7d95e1361c0c7e3b579810321afeb524ffb172cf3e3418072b487a29bf5097ee54cd02be8526047323600479642e7173217b236dad135073d257f9dda4b862e9d224bb7ad9123a70a22085c2840a3004561be1036c85e33a1d8cfe1daaf51945c83fdbf58e141b1d3831f7d07e84fc0618fe80340b922e3c3a8f21bf8ccf89533414fc06e70696793677c0d19dbc0aedab99edcf3c60b9aad27ad9e239b0fed2cb3ea6d59310868a82c48b259b19fdfec3f0070bdc5fa3e4827ce9c96e53bbfd207e2b35e13069d8c286bff40c8ea9af1f16f7ba8dabd20f4e59ba0c7696d4b6a6641d6aea355cdcbbdac83efa1b3ec1fd3faca9435f364bbd746b54077e567b9627d750180dcf7f9aad86b854be00fcefc85678bb4e3efcda553a5c9d88ef21f3d1fd69e7d3c54516b72b3bddd27421f6c821e600b16831b55736413808d61ae5f74fbbd3c3ab2b50cfa64a2acd9b32930636b007b4630bbc16da682e1b76a7f50d62f283c21f3367d2eafcc7a533b2ef1d045151fc741a3ef03c013fa6013f488dda0280577cb6a9a3d7eddf31179614a4fed0ddf5b7028127a25d2008d011b72df5317576c99c1e8f8f3c12f5d8628e7f5fbb6ca902593e5e111ade43aafc984110cd4b4d04fe243cfeabd39d4a0bb37dfb201c6b391b901373a875e9cda5b3e58bf588e9d3e1109315f084205dba98adbd7ed3d5539c596296c35a5586d3bb247def96c9a341ad556aeeff280b6eb51fbc23db607b77befc3e650826e805b6f39fe8d4c808c80a12f4c0001dcc70b4f46c2c85749d62e093cc85ea9d429b6bc61cbf6b1e58fa1bcb73e7d4f7e3fec1f7a8f512bc3b8bdddefd83808834309ba55eb30868b20c07b54ff467f3153f69f381209175f067750a0519953ecbd4055deee932b54ef317c577350331d1d41a647d5decdf261003e54a0dbd31c9d37a8d6dddcb789749f3b4c83c115e1ce2dd9bd3107418f0e5374e461b2cecfba3ea8cdb32b3df0f190b70ebc7c063eef41b79e733cc5d1435bc5bb997f18d152177a9c2a2a8c84811f2cb1d57233953bb2fb65f74eabf7de7d7585aa7ddf4563e5b6014feadc073cf41127f90c7c5e828e1b65edb1abdbd7d1ea39565da1636de5ae0d91dbed4be1f682c102c34ce5beec3eda3d45471e6a6ba6a2e2b3326ddd426dcbdb6a3cc48fd5fcf209f8bc02dd07dcbf51363486ceb5ceb3df926d87f7446e2f8666fceced426daf54fe29f63e5bd5de1596ec3e39fe151d8f473b1eb1944fc0e705e8762334836378cc031ce3debd178c927dc70f476ea53f89054f74bbf16e0050e190dd6fbbf7f6c037addcf5b53c37b9bbc69365f87ca8d2e734e82ee0687ba383e5c6ee0da4c7dce1babcd3a4d57367228b990aaf626321b65abfca6be2fd69dc2b9a38d08647a79d6d06121b87b9e09c051d05ae85efb5c5b1e001b06367957dc74b66adb98043765329cae4c6045e013ba0372ddbbe4e1a0c6bae9d76d8182457abf33907ba9bc5317b0d6e3abe937cbd7f5be4d694000e116e2a1e05035f92e1677cf9b1541fd0546b8d360eefc663b63ba740f7b3b83f930ded70acf3c6660626024e555617025fd286c7061a7d168ed10d33b08926621135ca5c803d274077b338aa50e859ef316fb8163c14fbf4756f164555446e0ce11549c4b4e9e00e9d530fd8317c8bb8448c6633f0590f3a0a0f6d71bc47b5a9ee1b7fd135ca26dc00f786d87b8a4a86dc98c2ab0b3c76d8fdb7eef5759d44b657e5b316f46b5ef69f9028406c2904779df34eb4d00938954eb93186daa33511b1d14883e12d74d625e2365b7be6b312742b286cb088ead17ff67a54166cfe420b16727b450938952eb9b0e3153b06997a2f182d3f6aef1f926155f9d8b8cea4b30e742b207474a0aa8edd52f74686cc98c5a96c901b7bc8eef61e0761a02a8f7e246c618d58ce16e0b30a74148a2d1dc4ac249c1462729f9e049ccab45cd8f18a75f1d0d643bba4d6a0a7741a2d6aa416d76e9c67c25903ba418e578c8df75b34560b0eb2aaba5bb814950d72e3d192d18933a7f4182b853d4b3ae9b2027483dc3fece00e19b37ca616183a3c382e4e65bbdcd8747be59b4de8accdcf6c803de3a0bb991c3b804c5c35470bc99da840c8a96c971ba36e67f1b393bb6b8f7ca661cf28e8ee45631ef1d8151f69e1c476ba51542ea834ec2513b89a5a66f7daeca103dd2e18936130e160e892295a28849cca6595057bc3112db5833953436f19051d178d0e8b361f0cd4c270872a083995ab2a0dbb5f8d2f283ca95b57a1a3d9d66b0471912a670474831c991ce3e426b7e38da272592eecd641b77edf96e8f9f158af914ed8d30e3a2e0e9d6f9841844d22b0511fe40ea151543ec885dd8eed1ab3fc434d70b67e235dce4846c74562d70e1c6f04d9f8a35b3014950fb29886adcd8e61b774b7d7d30a3a2e0aed13cc5fc779d850ec0eac14956fb2b846ac437b0a0e6a6d164b5cd355854f7b46c7a4986b3bdd17dd11c69e72849cca67597cdb54d9c19f4c8ace9ccb3bd0fd5ef66ad26ac600bd58eba420e454be0b316e864e9f3d23b7f46ba293c46cc2581033c9725a414736afdab99e6c39b44b2fd6aa32049d0a832cce2dc1bdf9e954cdea68ce06f1924ca70d741b337f765277bd481b3327e454988478b7b3de0f9f3aa6e70f60040a6df5206e92e5b4818e0b413565fe267f03091d4ef3ae97a053619225371b4e6e39bdbf6e748a4418c44db29c16d0d106c1565037f57d5cdb26905d3045855106fac2cdcb958d206e92e994838e4e063cad2e6b799bbc34ad8f5e1cabed5498e5c63ed6aeffb677a39457dfd392d1fd852b3565dcca597a71d61941516194816e53be9b4ee8a413685239073e2da0e3c3a3fabe26b24db34d92a1a8b00af16f63ea3814e2d216b746b79e4a85d3023a6600ddd8a3811c3b7d422fcc9e6814156659cdf6bdb50b74551b9261103fc970ca41c787bfb26d6da9f5fad3a5e6b453549805066c56e8173bd62b2ba99c349372d06d014b83e1cdf5a220824e5125cbb271c4d3b59deed70965410c25c369001debce6bca63a3dbe945b1da4e51be0cf46d47f6e88c51ac530f6228194e13e835a4f198f67a51049da27c19e838d689a053549e8aa053540844d0292a0422e814150211748a0a81083a458540049da24220824e51211041a7a81088a053540844d0292a0422e814150211748a0a81083a458540049da24220824e51211041a7a81088a053540844d0292a0422e814150211748a0a81f21274dbee19c731e102693aecb61355bf399c47db3dff716c07bd288aa24a6b77c1817c00dd3fa9a5e18896b2fff861d97dec004dd39e771ddb2f074e1c91653bbe947fed7cbf54c965d0619c2905e0afeff2805c47d374d46002d9dc38896527594e39e8f6e1f18aaa094dd317dae5c4e527594e5b460ffa3a4dd3254e252769019da6e9cc9aa0d374084cd0693a0426e8341d0213749a0e81093a4d87c0049da64360824ed3213041a7e91098a0d374084cd0693a0426e8341d0213749a0e81093a4d87c0049da64360824ed3213041a7e91098a0d374084cd0693a0426e8341d0213749ace7bdf23ff0ff577bcbea3dada060000000049454e44ae426082, 1),
(5, 'N', 'Q', 5, '0088975321234567', 'NQ@mail.com', 'address 5 street 5 ............', 0x89504e470d0a1a0a0000000d49484452000000fa000000fa080600000088ec5a3d000000017352474200aece1ce90000000467414d410000b18f0bfc6105000000097048597300000ec200000ec20115284a800000020e69545874584d4c3a636f6d2e61646f62652e786d7000000000003c3f787061636b657420626567696e3d27efbbbf272069643d2757354d304d7043656869487a7265537a4e54637a6b633964273f3e0a3c783a786d706d65746120786d6c6e733a783d2761646f62653a6e733a6d6574612f2720783a786d70746b3d27496d6167653a3a45786966546f6f6c2031302e3130273e0a3c7264663a52444620786d6c6e733a7264663d27687474703a2f2f7777772e77332e6f72672f313939392f30322f32322d7264662d73796e7461782d6e7323273e0a0a203c7264663a4465736372697074696f6e207264663a61626f75743d27270a2020786d6c6e733a7064663d27687474703a2f2f6e732e61646f62652e636f6d2f7064662f312e332f273e0a20203c7064663a417574686f723e3130737061636530303c2f7064663a417574686f723e0a203c2f7264663a4465736372697074696f6e3e0a0a203c7264663a4465736372697074696f6e207264663a61626f75743d27270a2020786d6c6e733a786d703d27687474703a2f2f6e732e61646f62652e636f6d2f7861702f312e302f273e0a20203c786d703a43726561746f72546f6f6c3e43616e76613c2f786d703a43726561746f72546f6f6c3e0a203c2f7264663a4465736372697074696f6e3e0a3c2f7264663a5244463e0a3c2f783a786d706d6574613e0a3c3f787061636b657420656e643d2772273f3e74fe812f00001d2149444154785eed9d897b14c799c6f79f0aebc471bcd859db71eec4f1266b671dc74936c9933cd9d8b9e35c9b05075bb6c180716cc0800de210e21612e2160804083042dcb72524049240071242b8b6deaffbeba919463023cdf41cf5be3cefd3838ed17475fdeafbaababaea5fdef87c95a169babc4dd069da0313749af6c0049da63d3041a7690f4cd069da0313749af6c0049da63d3041a7690f4cd069da0313749af6c0049da63d3041a7690f4cd069da0313749af6c0049da63d3041a7690f4cd069da0313749af6c0049da63d3041a7690f4cd069da0313749af6c0049da63d30412f33bffee88ab45f7fe3dfabcc9bf06329b65fc3f7c429bf33e67bd12567825ee24e8251405e69de7cdcdabec6f72a1e59615efbb7e5e6d5cf2d33d33ebbd4fce341ebcf54469e66ff3feda1a5f2fd0afb73afdb9fc77bb9ef13bdbf35e12f4d13f452f4a389d702a435007cede165e6954f579a2993160bd4af7f7e8599f164b599f3d45af3fef37566c9cfb69aaa5fef34d57fd815bac12c7b71bbf9f0279bcddc676bccecafad31d39f58692a262f4fbc8f6d08d00024fe56e26f13fad231412f11bb500138446f44ea571e58225022f2bef79f1bcc9abf349a5df38f9ad6fa0ba6ade5aae9eb1a342343b7cde8c81df3c9279f9874ba73e71373fbd6a8191e1831dd97faccf9fd1de6f09a3366ebac43d210a00100fc53ff7589640488fa84beb44cd08bdc0a50d0bf0ea2ed540b37d2ed394fad33ebffbed71cb250769ded35b787474374c71660779d8986fa6e998b07af98c645ad02fe8c2f544be382d41f9f4f1a9e94cf4b1797097a913a021c51d3428e541c7021bad6bcd2644e37b40980a902bc776edf317746ad6da4fe044e81fb9eb63f7f6734f11ee9d4dbd66f0eae3a6d96bfb45d3e231a1e64179a69b89f9f2e0e13f422732ae0326066a3f707ff5d2f700d74df0c710b148069d3f214a0e57be1311ba5febe5ae0c7df09bfa7ba72bad76c9f7358b28b571ea894413d059eb0178f097a1159c0408a8e086efbc28066f94b3bcc99c6f624c010a915ba54e743fabed1df71febe6ab077d81c5871d2cc7da646328fd71e0e23bc9e57cab9d2f19aa0178113517ca579f5e16512c52b7fbed59c6bea08310ae4c20db9afe392fe4db5363aaa5b376f5be04f9977be8508bf44ce0de78523812f9c097a812d2084fd5af475dffdce06d3bae942884d0056bae85d68b99f435fbbc0dfbc316cb6bff351d0fdb0d909a37b614dd00b64adf012c51f5a26a9eed69987ccf04030c0a6e0a4c2548c723f1b8e2ef09da77accd25f6c0ba2bbdc9623ec8530412f80139007517cde77379a0bcd9d211a89141d72212a76b99f55fbf1aaa6ca1372be1858c48c3bb71ce8fc9ba0c76c546ea4ea38a22f5e33b549fab590006e01814a097057a99f1ba3f5faff8e933d66fef76a25ba33958fd7043d460be4b682e39e73c523cbcdc1ead30200e446bf5285dc957b0e38e2be3c746b704466ef61645eeeb9878d5ebaf2a27367821e931572a4aeb3beb2da5c3810a4ea72ffbbc4a3f8bde49e93db98ed9adf124ca705e4843def26e8315820b7fd5254ecf7beb3c15c3d7f5d2a3ba29c42508e90abdc7393862d7c7d78ed197910a76272a23b93aefce8899ba0e7d911e4b63ffefef3b5f29009341aa6b250b902ee2a09767b44df1d3ab1ed929411e6f013f6fc99a0e7d102b94dd705f2efd59a819e21a9dcda5f752bbf2f4a823d2c87d3bbda03d8f12c3c61cf8b097a9eac90e36194b9cfd698feabc11c759f2157a5831d911db3020572c29e7313f43c5820b79515fdcfb7bfbec6f4b4f5496526e40925c11e0ed2e1715b8c63c8687c588ea9654b8fcf043dc7d688a469e8c71f754925d63e39214f2819f6e0f5cef78e44f7d9097aee4cd0f360447344a62335e7a4f212f2b1e5c2aeaf57bfbc2b583587b0e7cc043d879694dd564e2cb9543fbd592aadcc76732a3375b7b45cf0241c8425ad302d18cf0070243e3726e839720079b012cca21f6e32a323c1b24eee64186a6c45b087fd75ac7787328d2027ec133241cfa1b552769ce896caaa959690df5f28a308f6b0abd3b8b0551efa610a3f7113f41c3888e62b651069f782a352495dc8097a66d2728a8e361bfae0c79b254be2e3ad1333419fa00572db8f447f72c10b7549036fee91ca4c5a5e6e0a8f5973e9ca9ecedc043d170e413fbbf7b2544ea6ec13532aecf56f3633859fa009fa041ca5ec9fae34abffb45b2aa53eb441c8c72f2d3b1dc8c4f301b28944b8630c9dbd09fa04ad11064b26417a8b88a04f4ca9513d79602efdb5a0c736411faf359a3f5069364cd92b9551575321e4139796a396e5cdebc3b2763c16ede05cf8ec4dd0276854b88ee3e1ed3446f39c4acb51a33af694d3a89eee5ad0639ba08fc3da37c7e3a7d5bf6f904ac8be797e84e2d4befa8dce0133f34bab64a18a74d7851edb047dbcb6e923eeef9eded52695105187a0e75e5aa6fad0cbc669fb921697a4333341cfd2d237c4edb4cf2d93c524b0dd3044c8f32b05fdd2a12bb2067eba6b438f6d823e0e239ae0c115f4192146f3fcca2d5b94f5c21f6c92790b1c94cbdc047d1cd6cad57932f9961a951f29e83a288769c6686899be676e829e85356dd76d8c35cab81187ca9fb441c54343b8168ce6999ba067694ddb77be7b442a9da6ed547ee536a6789e60c1f7eb649c040d6fbaeb44279ba08fc398b4717e7fb0a5b10e1251f91740d7f47dcb5b07cdd449367d7f9cf3df333141cfd2986ffdf637d69aa1bec4aea78ce8f149413fb6f9a2dcde6444cfcc043d43236ae09968ac0557f59b9d52d91472821e8fa4acc37e7a6f7bbf99f144b56cc59cee7ad1c926e8591869e2944f2d66ffbc40721b55ac42c37e7ae626e8595857776dadbb1054b6308da4e2931bd5d7ff7d0f578bcdd0043d0b6b65ba7cec9a5434dcee61448f57286f5d530e1396a64c5a2c9956eab5a2934dd0b3309634c2431583bdc11e6a6e2a49c527cda48ed69e970c0b9956baeb45274cd033b5ad4ce80fcefbaf8d89a59c0979ec92881ea6ee179baf043be2a4bb5e7492097a86d6fef9f217b74b2583087a61a47d74ec333f1df7d109fb7d4dd03334067c30f0b3f6af8d52c9f4f9732a7e69b90ff60c99b7e4f9743ecd763f13f40cad535feb5edb2f958c0371859396fbc8d06d33e79b6b83e5a5d25c333a61829ea1e51efaa4c566dbdb87a592f11e7ae1a4e58eb500e63e5323db53f35efabd4dd033743459e6bd70b2cc6d825e2869b98f8edc31ef3f5fcb49331998a067680cfa00f486b92d52c9087ae144d0b33741cfd08ce8c523829ebd097a86661fbd78a4e52e7df467d947cfc4043d4347a3ee1507a49271d4bd70d272975177ddd421cd35a31326e8195aefa3affbdb1ea964bc8f5e3869b90ff60e87ebbc13f4fb99a067e86866dc4b3ba4924104bd30d29971d72edce0ccb80c4dd033b5051d833ef39fab95412088a0c72f947934d7fdd015429ea1097a1696a7d7bebc5a36fc8350e9087bfcd2a7d7b02ec0343ebd9691097a1696e7d16da5c272c310fbe9f14b227af83c7ae382563e8f9ea1097a36b6906341c263f517a5a2718599f825595498ba63bb6a6c5bcd1566ee6f829e85f55efaceb95c33ae1012c8c3f246d9bb5b33a5bb5e74c2043d4347abc07ea6d2acfc5db8557258f1087b3c92b20ea3f9f58e0133e30bd55c78224313f42c8dc919783472a89febba1742da5d3ab1ed9299c6689eb109fa380cd82f34774a85e34e2df1090daa82be75e6a168a796373ecfa87e3f13f42cad53611be6854fb1b19f1e8bdccc098debc21fb27f9e8d097a16967e7a38f2fee14f364715cfad8454fea41365ae9cea89ae47ea35a2d39ba08fc35ac1ae9cee958aa70344547ea40da9a6ed8d8b5ab93f7a9626e8e3b0a6ef8d0b5ba5e269facea89e1fb9658b23f6a6d70d1619d5333341cfd252b16c0543ff107b7f61af6ead80043d7fd241cf8f8f74c98eb6e9ae0d3db609fa788dbeba85fdec9ecb520125ad24ec399736a00a7a5dc57e33f501a6edd99aa08fc3af3f9a783e7df5cbbba502eabc77829e5b49998663207d5d8366d65756f3f9f37198a04fc0da3fec3cd52315514785097b6ea4e5a883707b3008c7683e2e13f40958a2baad781bffb14f2a2207e572272d472dcba1be5be69fffb1debcf6b08de61c84cbda047d82d6c1b9ae33c1ad3646f5dc48cb4fa3f9de0f8f45d19c90676f823e01a3c2695f5dd792d3452309faf8a565a77df3819e21f3f637c2ad976ca39aee5ad0f73641cf91b1e47062fe7be2961b95bd52a3f9d6598718cd2768823e414b54c7adb6cf2e95891c6eeaaea632572ae41dc7bba58c09f8c44cd073e028857fa0d2342d3e2e1554973b22ec994bcbca2dafca9f6f95d577b11600611fbf097a0eac15102b9262f9e1aeb3e1c01c53f88ce502ae8d6453e5712e15952313f41c59a33a5625fdf0a79bef1a7d27ecf75604b9a6ec27ba83db68e10a32047d6226e839b4c28e81a36db393f7685353774bcb4547d9b1d5d282e7eb64dc83297b6e4cd0f3610cced9c8debae982545c3ef832b622c89db259fbd746998884d56308796e4cd0736ca99816f48ac9417f1da3c61007e7ee960bb9a6ec78f457fbe5e9ca971e9f097a1e1ca4f0c1164eef3cbddedcb8322895d81d9cf31d761772cd785a369e0b9e3377cad12d577afc26e8797200fb4ab935b4e0853a99ab0d11f6f4909fdd7b59b220197cc3201c21cfa9097a1e2db0dbf41d53643ff8713d61b77221d7eeccf9fd1d524e78fc14938f0879ee4dd0f36c17f6453fdc6406c30d1a7d1ba073cf53200f1bbb338ded12c1318f9d90e7cf043d06a3f262600ebbbcbcff7cadb9d13920951cb0bb955f5f979bdc7393053ac2db68c7b75c94b29148cedb687935418fc91ad971db6dce53eb4cdbd1ab52d9b1449256fc7284dd3d278de21066bd61b0127d7246f2fc9ba0c76881fdb19552c151b95b369e0fab7d3204e500bb0b388eda1f1f1d19351bffd1245d192917421e8b097acc0e60b7471bc930225fff6673d45f07ec2e1cfabad4e47e76793e3fcc58ae5dbc6116fda83e694d76421e8f097a012c95db463218d36551f975620d54aac0bb9f15478de2d0e17567cc5b5fac96ae0bba305139a4940d9d1f13f402592b39229b4e12d935bfc5dcbe352a60200a4affdd01475f179bdccf86a3db0de9bed467aa7fdf200391c1a01ba7b516c204bdc046a5d7116744778cca9fded51e6212a4be0abceb62907e0efd4c2ee0783005abb6ce78b25afae33847f6c70b67825e0476a33b76804184affaed4ed3d6128ccc430a9242a55fd3d77149ff666469881280a3516aa93967e63e5b230d570546d5d91f2fb8097a1159a27bd877d75477cd9f779b8f3fea0a310a04b0dc280fb9af73ade0bd93219746271c64836eddbc2d73d517fe609379c57e76b9b340c08bc604bdc8ec46771c91f662d6d8b25f6e97c75e87074642b4020178854e2184dcd7d92af53dc488dc98e0e3c00df5b4f5cb1367739fa991cf3aeda1e01972a6e9c565825ea44e051eb7e210e5dffdf67ab365e62173e9d09568e0ce95f4e92d90a9f067e3605cc0be07c0b6ff4fd560cf9069adbf6056ff69b799f1856a49d183086e3f2f3212e7f3d3c561825ee44e001f40849d4a701f1a517ede7737ca7df8639b2f9aeb1d0312ddefa508663400298dc0bd34327cdb749eec31cd55a704eed95f5b230d0f22b8cc6c436344c08bda04bd441c016481d2288f280ae8317887c88afe71ed6bfbcd811527cd99ddede6eaf9eb92ea6336dafd604604478680cd122e1feb96c663f7825601fbdd6f6f90bf87555f00b73e65a69f23e9f3d14569825e6a768152d8ec11a3db18b107f812f16de4c7c41444dff9cf6d344b7eb6c5acfc5d8380bbee7ff7980d53f6ca924dabfeb8cbacf8d50e5993febdef6c306f7d7195bc1f1a8f299316076304f6bd0032fe16e12e4d13f41277126c21f80a23d2ea0a9be223f2035cf4f131220e78b15c138ef81ad270ecf58edd6610ade53df15eb6a1d08624eddfa34bc604bdcc9c1644402b8d40a2214838f8bac0ec00ad26d8e561824ed31e98a0d3b40726e834ed81093a4d7b60824ed31e98a0d3b40726e834ed81093a4d7b60824ed31e98a0d3b40726e834ed81093a4d7b60824ed31e98a0d3b40726e834ed81093a4d7b60824ed31e98a0d3b40726e834ed81097a193a17ebbc71adb8f232412f218f095feae28f8faf34d3c3155ca3851fd3fd9eeb7071c8bb7ffffeefc146a1f84dd08bcc69a1498138daf608cb394f5e2ecb3447cb393f5069a64e5a62a67c6ab1acef8eaf613f34fc0c7677c1faef49c6ef3b4b42630968ace7aebf2f4b423fb854d68cc7faee159357449f31fa3c38860d85fbb9d900148f097a017d17080274000f5ee3fb0011100236800708f15a764bb13f37eb2bab658be2253fdb6aaaffd0606aa636992d6f1d34bbdf3f6a0e549d341fad3f6b8e6fb9684e37b499737b2f9b8bcd57ccc583095f38d069ceeeb96c4eeef85836713cbce68cd95779c2ec7cf788d9f446b359f7b73da6ea373bcd073faa37ff7c7a7db4c1031a0e69146c8380c6058d843404b6f1c0b9241a81e0bcdcf3640310bf097a4c4eaddc926a87d13002da464d8da800073f37f34babccfce76a05b64daf1f307b3f3c668ed69e1740b1e5d250df2dd94ae97e5b2e4d54d8b26964e8b6e9bf76d3749ce831a777b79bc36bcf9886b92d66c39426b3f417db6403486c0d85a8afe7818c423686701b006bc21faf097a9e9c5471017558c15f7fb44a764f01c848b101047e76e697579945366aaefffb5eb36bfe5189aeedadd764e7d2d1913b216ef7966c98e8ec84aabbaa268cefe96ea9ce519cf8b9d1e87783f7cba411c1cfdc1e1e35d72f0f482384cc60dbecc39265604b653400e822c83963f755dba845f0870d5e545ed6043fb726e839f25d60a3f2da23fad1ba1922b617c6ff677f7d8d59fa3fdbcce619cde69005a2edc85533d83b2c608d2580244046f026201ccbfa7b992af5f7c6744a6382ffdf4bc838b0dbebd9c676b377c971c900b021e48c27aba56ca2c86f1b029463baa84ff02766823e4edf05362aa73d224a61f06b8a8d5c88da18bd5ef0fd3ab371da3ed9e5f4d2e12e73f3c67088c0dd128814e63140969f0b8f8550eae748b234028973d09f4b15be77bd73c09cded566762f382a9b3d620c00e52abbb65a23e54f027facf2a7ef6b829e85ddcaa5a3e0f89a466c808d14f5c39f6cb6d1faa0a4dfdd97fa24154ea7282aa6011a1a0b926256eae78f2c0d4070be636500b70647a4bb820671fdffed95414694b56ed78c881f943da37db626e859388ada93974baa89541c5fc7601906ca8ed55f903eaa567457d21f4e0335e4be2e57a59eabd8853fcdf923e5ef38d16d9aab4e99d52fef3673beb95646f6a551b57dfc44b44f5c23429fde043d8d932377103d6420c9828d5b5b33bfbcda54fd76a7d9b7f484e93cd59336624b05b646654eaadca1a9f4f06b83982eea0ff5df32e79a3accf6773e92db7d6874e59ad84617631f01f489149fd0274cd0438f09779892cf796a9da979a549a276ffd59b61d54b48faa5296043ee6beade4a2d33b1829f5286f87ad7d95eb37ff949b3e2d73ba4cb84f41ed0639c84913ed95e839e0c7760a4e58812801b8343b5afee37a776b6c9fd6a57a878043bbf4a2d535833a554f5b6f79b43ab4e9b95bf6d90493d02bdcdbe708db5e176afbd6ff612f408707bf15109f07f4402540edcfada30b549e01e1e1809ab5120492b01b753f1203d52f9536a798b9debe10ab7f29aab4f9965bfdc2ed7185919eedbebf5beab1e78602f4197e86d2fba8e96e335d23f4c171de81e0aab4ba054b821f7355518a55e8bb1a0477a8fe9c0b8c589eb8d117c4ded35cafb00bc57a06b6b8ee88db46eeeb335a6615e8b54065784bbb4a4d726721ae831bbf05cd365c9d630ad18dd33808f465efbf2e50cbc17a00370b4e268cd713157fc6a873ce881b9db2a540a176ed754e948af5774fd42e85d21b5c73303f39fdb280d3eacf504c77204be2c41970b15f6c730af1ce93906686a5fdd673a8e7787973b90c06d2b4354314253a52fbd8e7a4d71ad91ada9464746cd896d97a42f8ffbf318a341fd2947e0cb0a74bd30b8507a6b0c836b3bfef9918ccaaaf4a26b05d0af51e5a9d4eb9c2ecae391dd357f690c33bfe041a37202be2c40770197db631670dcf76e5cd82a8f55aae45e37a3b7d7d2ebadd75e1b7cd5659bf16d98b2d7d6a7e051dba05e25d7b352744983ee028ed7186099fdd53566d7bc1633d89b183d4f4ecf935b78ca4f691d506b105061eaed9a3fef0ea63bdb3e3c06edd01d2c55d84b167414b8163e5a5ec0be65e6a1a4596b4980e35f7851294ae5d6091c833b2e893ad2d672d52c7b71bb996661c7bdf8524de74b0e74378ae3c1063c128abe15565b5129e010e1a632515ae09d088fa5b6deff5ead648dd17d78a73e16bb4b0a7489e29aa6db7e3826416031031501a726aabb80b7d15dff8fa7e9f67c704c16ccd02cb254d2f992003d298a87f73cd10f47c143a9adaf7bb1286a3c72eb108e0822aaee8b37644e3d60c7ed5b0d3ec50c7cd1838ec293beb87d8db469f14fb7988e93897be112c59d0ba2af292a1772eb148e2ef098323debabab65a665b1a7f2450bbab69028405993dc7ae77b47a24227e0549c72eb18b247ed2262a191e52f6e97599752778b34952f4ad0b5a0b0c022d2a377beb5ce9cdfd721050bb9ad2a01a7e2920b3b8e784e5e85391b985d87895a9acaa7d6eb42bae8408f207f2c48d5b15aaade326314a78a416edd93b1a1b01a9ed9d32ea93cc69110a450978b05f8a2025d0a25ec8f2392d7bfd11c94a095db7a1270aad07261c751eb67cfc77d66c10b75328d16b047f5daa9e78570d180ae90e388d55df074914a2730b8854b51c520b73eeada8158cdb6ea373b02d88b6490ae28408f207f24583af9c886b3526032ab2d1cf420e454b1caad9beef8d1dabf354af7b318602f38e86e2407e447ebce4b21b13f4e959292614fd455ac4f5f0cb0171474f7a45f7d68a969a9392785930a3945958292600f335168ed5fc3c81e0ed0b90cc4e58281ae278cc930987080dd3920424e95b2d2c16ebf6296bf64fbece1b4d942c05e50d071d29868b065c6412910998840c8a9125712ec611a3fdc7f4b76f4c143588580bd20a02be488e4b84fae7207de28aa94950c7b3040d775a637da3f3eee1974b1832e27674f123388667d758d2cd407b9b7d028aa1ce4c2aeb7de8e6c3817cc8db70ca4e3235f2e4844977ef9834b4d6bfd0539799d6ce0160c459583b44e8bc38c15837371f7d763055d53769c24f6c386e45eb9531814556ed27aad83737d5d83b2e4191e710d52f8f4bce4d2f1a7ee8fac30d31f5f19ad08138d4c1272aa8c15c11e66affb979d9081e8b8a27aaca04b34b727b7797a30875d0729083955ee421d5743d83c64deb33532492c8e81b97853771bcd31ead8fd719f9c2c47d9299fa4f55c035cf3ca5349f3e1f3e9d840d7688e298190aec545c8299fe4d6f99bd78765ff01dc814ac74c2e1d6b44479aa20b4804ad1a41a7fc9282ae51bdfecde66047df3c47f57840c77df3879799b9cfd4441b1bba2d1b45f9269d37727e7fa7b091969b1c3aefa0eb2d35b45a7515fbe5e498b6533ecbadfb7876fd9da7f39fbec712d1f5c195968d89475029ca5729e8714ea0890574f9f016f6ce933d72623a4986a27c15eabfde53dfb3a8d54c99b4385a7a2a1f8e0574cc009afdb53566a8ff969c98b66814e5b334b33dbef5923cd58660988e9f5c38ffa0db0f8fcde916be509734a79da27c9644f430756f3f7a4d58c9e7a499bc838efe3996bfc58e942a824e51968310746cf134fd09db3f7fa494417f2c1888abfe7d839c14d3768a0aa4a0f75eee0f9e532f0bd0ff103ead46d0294aa4a05f27e81455be22e814e581083a457920824e511e88a053940722e814e581083a457920824e511e88a053940722e814e581083a457920824e511e88a053940722e814e581083a457920824e511e88a053940722e814e581083a457920824e511e88a05394072a4fd075b9677b72344d27b64eee6d2f23d057fd3188e8144525abaf6bb00c40c74eaa0f2e35cb5fda61faafdd3437ae0cd2340d770e98819e21d3d672d54c7fa2bab4776a81658f740bfc8c27ab699a4eb58de6ca492a3bb972de41d70f8f63c5646bdb6a89f19aa67db672608f2e272e3fb9726c113dddd7699a4e389f9cc4023a4dd3853541a7690f4cd069da0313749af6c0049da63d3041a7690f4cd069da0313749af6c0049da63d3041a7690f4cd069da0313749af6c0049da63d3041a7690f4cd069da0313749af6c0049da63d3041a7690f4cd069da0313749af6c0049da6cbde55e6ff01827b57d2b049e8c10000000049454e44ae426082, 1);
INSERT INTO `mycontact` (`id`, `fname`, `lname`, `group_id`, `phone`, `email`, `address`, `pic`, `userid`) VALUES
(6, 'LL', 'FF', 18, '0001323313', 'vv@gmail.com', 'earth', 0x89504e470d0a1a0a0000000d49484452000001f4000001f40806000000cbd6df8a000000017352474200aece1ce90000000467414d410000b18f0bfc6105000000097048597300000ec300000ec301c76fa8640000020d69545874584d4c3a636f6d2e61646f62652e786d7000000000003c3f787061636b657420626567696e3d27efbbbf272069643d2757354d304d7043656869487a7265537a4e54637a6b633964273f3e0a3c783a786d706d65746120786d6c6e733a783d2761646f62653a6e733a6d6574612f2720783a786d70746b3d27496d6167653a3a45786966546f6f6c20392e3731273e0a3c7264663a52444620786d6c6e733a7264663d27687474703a2f2f7777772e77332e6f72672f313939392f30322f32322d7264662d73796e7461782d6e7323273e0a0a203c7264663a4465736372697074696f6e207264663a61626f75743d27270a2020786d6c6e733a7064663d27687474703a2f2f6e732e61646f62652e636f6d2f7064662f312e332f273e0a20203c7064663a417574686f723e3130737061636530303c2f7064663a417574686f723e0a203c2f7264663a4465736372697074696f6e3e0a0a203c7264663a4465736372697074696f6e207264663a61626f75743d27270a2020786d6c6e733a786d703d27687474703a2f2f6e732e61646f62652e636f6d2f7861702f312e302f273e0a20203c786d703a43726561746f72546f6f6c3e43616e76613c2f786d703a43726561746f72546f6f6c3e0a203c2f7264663a4465736372697074696f6e3e0a3c2f7264663a5244463e0a3c2f783a786d706d6574613e0a3c3f787061636b657420656e643d2772273f3eeff85cd20000307749444154785eeddd097b14c5fef6f1e77d1e15153c07084b4042d824ac8645f480c05f9145208acaa6a02c022a20202220a0ac2a9bac0221c81eb49e7397f9854ad38109f4cc74d77cefebfa5c01d790e9a9bbabbabae7fffdfbdfff760000a0d8287400002240a1030010010a1d00800850e8000044804207002002143a000011a0d001008800850e004004287400002240a1030010010a1d00800850e8000044804207002002143a000011a0d001008800850e004004287400002240a1030010010a1d00800850e8000044804207002002143a000011a0d001008800850e004004287400002240a1030010010a1d00800850e8000044804207002002143a000011a0d001008800850e004004287400002240a1030010010a1d00800850e8000044804207002002143a000011a0d001008800850e004004287400002240a1030010010a1d00800850e8000044804207002002143a000011a0d001008800850e004004287400002240a1030010010a1d00800850e8000044804207002002143a000011a0d001008800850e004004287400002240a1030010010a1d00800850e8000044804207002002143a000011a0d001008800850e004004287400002240a1030010010a1d00800850e8000044804207002002143a000011a0d001008800850e004004287400002240a1030010010a1d00800850e8000044804207002002143a000011a0d001008800850e0040042874a0805e79e5952ebfffcf7ffef34cc2ff56f2bf0da018287420c7c2724d2b62fdfddebd7bbb975e7ac9f5ead5cbbdf0c20beef9e79f2f99fe9d175f7cd1bdfcf2cbae4f9f3ea9ff0f497e2f00f287420772c44a3359a82a5b156fb290f5cf0f1932c48d1a35ca4d9830c14d9932c5bdf5d65beedd77df75efbfffbe6b6969711f7cf041a7254b96b8050b16b8b7df7edb4d9f3edd4d9e3cd98d1d3bd60d1f3edcd5d5d53df2ffd00982ca3ef93d25bf5f00d547a103551416a28ab26fdfbefed79a715ba96a163d68d020d7d4d4e466cd9ae53ef9e413f7cd37dfb843870eb9d3a74fbb2b57aeb8dbb76fbbbffefacb3d4deedfbfefdadadadc850b17dcf1e3c7ddeeddbbddba75eb7cf1373737bbc6c646ff7d3ef7dc739d259f9ccd27ff2c002a8f42072acc8a2f2c442d9bab28559a2a4bcdb8e7cc99e38bf5f0e1c3eef2e5cbaebdbdbda382bb8f4abd27fefefbef8e7fb3fbdcb871c39f38ecdab5cbcff85f7ffd757f8261cbfb9ad5ebcfa49311ca1da81e0a1da89064916b29db66bc43870e753367ce749b366d72274f9ef433eeb4a495b2a8988d12fe3a99e43f63bafbefa6e58f3ffe70fbf7eff7cbf8e3c68df37f2e9d8c6835817207aa834207ca282c71959c66e256e20d0d0d6ee1c2856edfbe7daeb5b5b5a32a1f26ad5cad60bb2bdaac12fe7fc4be87070f1e3cf2ffd65f3b75ea945bbf7ebd5fa2d79f55e5ae99bbfeec7619816207ca8b4207ca20391bd7cc55253778f060bf616defdebdeee6cd9b1d95f84faa55dea526fc7ec2824fe6cc9933eef3cf3f77e3c78ff7ab10fa73eb44c666ed143b501e143a90212b2b95977eadd9b836b84d9a34c96dd9b2c55dbd7ab5a3f6fe499e0bfc71497ebf56eee1f7aebf76e4c811b768d1227fcd5dc5ae9f859de4843f2f00cf8e4207321016b936b5a9bc545a73e7ce753ffdf4d323456725aee86bf8f78b98f0cf62e51e4627329ab56bb39f6da4a3d8816c51e8c03348cec855e4fdfbf7f7f77b6be9398c4a2e59e4312659ee62b97bf7aedbbe7dbbbf675efb08c262a7d4816743a1034fc1cac766982af27efdfaf9dbba2e5ebcd8515fe9b3f15a49f867d5cf209cb5ebf7df7df79dbfce6e9725d83c073c1b0a1de821158ecd2a35cbd412fbfcf9f3ddb973e73aeaaab68b3c19fdd9c39f43b2d83563d752bc4e8af4b3a4d881a743a10325b28251e16846a932d7e3534f9c38d1514f0f97d52db55ce469e9aed8b514bf76ed5a3770e0c0cefd072cc3033d43a10325b059b97eadc2d1b3cf77ecd8d151470f67e4168afcf1e9aed8f544bc79f3e6f913265d5f67b60e948e42071e239c95ab60745fb59e8e76ebd62d5f402a2496d69f2efa59853fb7b0d80f1e3ce8468f1eed4f9ef4f367b60e3c19850e74c366e5a2621933668c7faeba450544913f7bc2620f573ab40cbf6cd9327f12c5a639e0c9287420854a4305a232d1cc7ce9d2a5eedebd7bbe6892454e996793f0671aced6751fbf3ef1cdaeaddbeb937ccd805a47a103012b0a95b936bdd5d7d7fbc7b45ac2a2a1c8cb93b462d76372f5c85cdde2662b27943ad015850e74b082b025f669d3a6f9cf1a57b84e5ed9843fe3f0244a8fcfd56b644bf0943af010850efc8fcdfa741fb466e6daf866492eb193ca443f6bfb7987d7d68f1f3feeef32d06c9debeac043143a6a9ecac0ae97ebd75bb76ef5c5a1588984e5422a1bfbb9ebabcdd6dbdadadcd4a953fd4a0aa50efc8342474db332d7c6377db4a93e1d4c61893d5fd16b60af8395ba7eafcf9367b31cf00f0a1d35cbca5c4bec23478e74e7cf9ff745c1127b3e1396baad9c28ab56adf2afa15e4f36cba19651e8a84956e6ba0eab4ffeba7efdba2f87700316659ecf84a56ebfdeb469935f65a1d451cb2874d41c2b732dd5ea3aec9d3b777c29844bb99479be63af8fbeda6c7de7ce9dae77efde7e6323a58e5a44a1a3a68465fec61b6fb8f6f6765f0661999362242c757bfdbefffe7b4a1d358b4247cd08cb5c9f9276fffe7d5f02e14e7652aca495faeeddbbfd1d0b943a6a0d858e9a6065ae6be653a64ca1cc234a5aa9efdab5cb3f7cc6ca9c52472da0d0113d2b73ed84d606b8dbb76ffb419f328f2769a5fef5d75ffbd73c3c0ec2e302880d858ea86910d7b2ab7640eb033e5a5b5bfd60cf35f3f81296ba9dac7dfae9a75d1e3e03c48c4247b4acccb549aaaeaece9d3973c60ff29479bc094bdd7e6d0f9f51a9334b47cc287444c9066e7dd506a903070ef8c19d328f3ff6da8697547447833dfb9d5247ac2874444bb3730de25f7ef9a51fd829f3da49b2d4fffcf34fff34405d7a61e73b6245a1233a1aac3513d332ebfcf9f3fd80ae81dd06790abd3662afb39dc89d3c79d21f17ba9dcd8e93e4b1031419858ea86890d60cac57af5e6efcf8f1dc9e56e34996fab66ddbfcce771d2369c70f5064143aa261332ecdc0341363131c51f4ba8b9dd42d58b0804d728812858ea8d875f3afbefaca0fde9439b1d7de0a5dcfee1f33660cd7d3111d0a1d51d0a0ac1997ca7ceedcb97ee0b69919654eec18b013bce3c78ffb951cca1c31a1d051781a9435d3d2ed6943860ce9fc2854ae9b9330c9525fbd7a354bef880a858e28a8d0b5d969c78e1d7eb066a99d7497b0d8b57192a577c4824247a1854bedb367cff603b5dda24699936492b3745b7a4f3bb680a2a1d051781a90f568d78b172ffa419aa576f2b8244bbda5a585a5774481424761d9ec5c83f19a356bfce0cc523b293576e2d7d6d6e6860e1deaf760d871953cd68022a0d051481a7475dd539f793d7af46877efde3d3f38abc82973f2a42467e9bacd9167bda3e8287414966d84dbb56b971f94999d939e243cf9d36c5d9f95cf06391419858ec2b1d9b91eefdadcdcec07641b9c2973526aec58b113c17dfbf6f9634ac756da7107e41d858e42d2a0abd9d4c18307fd606cd74309e949922782d3a74fef7cd63bb374140d858e42b1d9b9065d7dc6b5921c9409e969ec84f0d0a1439dcbee69c71f9067143a0a499be134f82acccec9b3247942a8134566e928220a1d8511cecea74d9be607dfe4604cc8d3c64e0c7ffcf147aea5a3902874148a06590db67bf7eef583af6d6822e459923c319c3c7932a58ec2a1d051181a5c757db3a9a9a9cb2d6accce4956b1e36afbf6eddc978ec2a1d051081a54eda9701b376ef4832eb3739265c293c35bb76eb9e1c387773e3d0e28020a1d85d1bb776f575f5fef5a5b5bfda0cbec9c942376a2b872e54a9ef18e42a1d0917b363bd712e8c2850bfd60ab0d4c9439c93a3aa66c73dcd9b367fd651eca1c4541a1a31034b0ea56b5c3870ffbc1965bd5483962ab3e76b2f8e69b6f76dec296765c027942a123f7c2cd70ededed7ea00d075d42b20e9be35044143a722ddc0ca76b9a0a9be14839a313455b01ba76ed9adfb7a1fd1b69c7279027143a0a41c5fedb6fbff94196ebe7a4dc094b7deedcb97e96ceb23bf28e4247ae6910d5033ec68f1fdf39c0b2dc4e2a113bde76eedcd959e82cbb23cf2874e496064f0da25a6e5fb162851f5c596e2795483843bf7af5aa1b3c7830cbeec83d0a1db9a642d7eef6a3478ffac195e57652a984a5ce6e771401858edcb2326f6c6c74376fdef4032bcbeda492b1425fb76e1d0f9941ee51e8c82d15baae5dce9933c70faaccce492513ced07ffdf55796dc917b143a7229bc7ebe79f3663fa8dae04a48a5622790b76fdf76a3468df22b462cbb23af2874e49a3e1ce3975f7ef1832a337452e984b3f4b7df7e9bdbd7906b143a7229bc7efee79f7ffa01953227d58815fafaf5ebb97d0db946a1239734686af07cebadb7fc60caec9c5423e10c5d775ae811c4ccd09157143a72c90addee3fb74195904ac78ebd2b57aeb8214386b0390eb945a123776c439c0a7dcf9e3d7e3065864eaa153beef475c28409fec985ccd29147143a72c9ae519e3973c60fa6ccd0493563c7dfbc79f3d81887dca2d0914bdaddded0d0e0ae5fbfee075266e7a45a09afa3af5dbb9642476e51e8c81d0d965ad69c3871a21f4435a052e8a45a090b5d9780f46c041da3ec7447de50e8c81d0d969a05cd9e3ddb0fa22cb7936ac78e417d84af568fd28e5ba0da2874e48e15fa471f7de407510da6ccd0493563857ee9d2253768d020d7a74f9fd46317a8260a1db96385be71e3463f8852e8a4dab1e34f1f123462c4081e018b5ca2d0912bddddb24648356385aeafdadbc1ad6bc8230a1db9a381529f3d7decd8313f8852e8a4da5191db713863c60c76ba23972874e48eed1e3e7dfab41f4029749287d871c8bde8c82b0a1db9a30d4703060c70172e5cf00328854eaa9d7086ded2d242a123972874e48e9e95ad6766ebd9d90a854ef2103b0ef5f902143af2884247ae6890d47dbec3870f776d6d6d7e00b50d4984543356e83c2d0e7945a123573448ea96a0912347ba5bb76ef901944227798815fa860d1b2874e412858e5cb1421f33668cbb73e78e1f402974928758a16fdebc9942472e51e8c8150d922fbef8a21b3b76acbb77ef9e1f402974928758a16fd9b28542472e51e8c8150a9de435143af28e4247ae6890d492fbe8d1a3597227b98a15faa64d9b2874e412858e5cb142d7a6383d375ba1d0491e6285be7efd7a0a1db944a1237774db5a434303b7ad915cc50a9ddbd69057143a72470f96a9afaf777ffcf1871f406d2025a49ab1e370f9f2e5143a72894247eee8d1af757575eefcf9f37e00a5d049b5a355223b0e972c5942a123972874e4924afdd4a9537e00a5d0491e62c7e13befbc43a123972874e48e064a7d7cea912347fc004aa1936a279ca14f9f3e9d42472e51e8c8157d74aa064a0d98df7df79d1f40297452edd8c6cc070f1eb8f1e3c7bb5ebd7a51e8c81d0a1db96385be6edd3a3f88aad0d9e94eaa193bfe6edcb8e11a1b1bfd9d18143af2864247ee58a1eb73a71566e8a4dab163509fd1afcfead71e8fb46317a8260a1db963853e73e64c3f88324327d58e15fa891327fca389999d238f2874e48e064b5da31c376e9cbf66a950e8a45ad1b16785be73e7cece0d71daef9176fc02d542a12397f47099575f7dd55dbb76cd0fa4143aa966acd057af5edd59e869c72d504d143a724ba5fedb6fbff981d40654422a9d70863e67ce1c0a1db945a12377b494d9b76f5ff7dc73cfb91d3b76f88154032ab374528dd871d7dedeee9a9a9ab8868edca2d0914b1a3035135ab66c991f4c99a1936ac58ebd4b972eb9810307b2c31db945a1239754e87a5adcb469d3fc60ca0c9d5423e172fba14387fc31c9ec1c7945a123b7f4f00e6d8c6b6d6df5032a854eaa112bf44f3ffd941deec8350a1db9a58153d72bc367ba53eaa4920967e83366cc60868e5ca3d0914be133dd3ffffc733fa0dac04a48a56227906d6d6daea1a1c1af1aa51daf401e50e8c82d15ba66446fbef9a61f5499a1934a269c9d1f3e7c98ddedc83d0a1db9a67bd1870c19d2f980194a9d5432f6a4c2952b57fadb2855e85c3f475e51e8c8359ba51f3870c00fac143aa954749cd9b1d6dcdcccf573e41e858edc0aafa32f5dbad40fac366322a49c0997dbcf9f3feffaf7efcffde7c83d0a1db9a6427fe9a597dca851a3dcddbb77fd001bce9c082957ece471cb962d7eb95d4f2f64b91d7946a123f7acd47ffef9673fc0b2ec4eca9df0a491dbd55014143a724d33227bae3bcbeea4125191db72fb850b17586e476150e8c83d9ba1373636ba5bb76ef981369c41119275eca471c3860d2cb7a330287414824a5dcb9e3ffcf0831f686d06454896499e284e9a34c9f5ead58be5761402858edcb3ddee2af459b366f981d6aea3334b275946c7939d2c1e3b768c27c3a150287414868abd5fbf7eeedcb9737ec065731cc932762c59a12f5ab488e576140a858e420837c7ad58b1c20fb86c8e2359269c9d5fbd7ad50d1a34c83fa930ed7804f2884247a16809541f92c1e638528ed849e2175f7cc1ec1c8543a1a3306c96ae27c77dfdf5d77ee065964eb2487862a80718e94146bab382cd7028120a1d85a201569f7a3576ec58d7dedeee076066e9248bd8c9e1b66ddbfc49a38e3566e728120a1d85633bdebffdf65b3f00db404ca993a7497842a893c4a6a6a6ce8f4aa5d05124143a0a4503accdd235f086654ea1939ec68e193b8e7492c8ec1c4545a1a39034e06ae0d5f2a8c22c9d3c4dc213c1fbf7efbbd75e7badf3da39858ea2a1d05138364bd7c03b7af4683e858d3c55ec58b193417daa9a4e12d9d98ea2a2d051481a70edbef475ebd6f90199593ae949c213c09b376fba61c386753e198e42471151e828343df8a3bebede5dbb76cd0fccf66010421e97e4ec7ce5ca95dc778ec2a3d05158e12c7df1e2c57e6066964e9e143b36ece44f8f12d623852972141d858e2868a6ae0fd3502875f2b8e8b8308a3ef0876be78801858e42d300ac0d72fa88cb09132674cebac2019b108b1d1376d2b773e74eff4c031d4369c7175024143a0a2f5c7a5fb3668d1fa899a59364ec58b093beb6b6363774e850bf118edbd410030a1d856703b1cdd64f9f3eed076c4a9d84d1712056e8efbdf71e1be110150a1d51b032d7d2fbc489131f29734abdb663af7fb8d4ae6385a576c48442473454ea9a6dfdeb5fff721f7ffcb11fb899a5137bed6d667ef9f2e5cecf3a67a91d31a1d011253deb7ddfbe7d7e00a7d46b37f69a87affdd4a953fd463896da111b0a1d51b1a5776d74d20367ae5cb9e207f170f73ba99de8f5163ba95bb16205d7cd112d0a1dd1b1a577cdc29a9b9b1f99a551eab5117b9dadccf7ecd9e3576ec2e3243c6e80a2a3d011252bf5f029729aa553eab59164999f3973c6d5d5d571dd1c51a3d011350dde7a0ad8c68d1bfdc01e5e4fa7d4e38cbdae7699e5c68d1b6ee4c8917e764e992366143aa26503b7beeaa356d336c951ea712559e6faaa4d703cda15b5804247d434806b56d6a74f1f3fa01f3f7edc0ff461a99338922c7365eedcb96c8243cda0d0113d2b75cdd2070f1eec7efffd773fd853eaf1c45e437db55f2f59b28432474da1d0511334a06b60d775d461c386b94b972ef9419fe5f7e227adcc3ff9e4135fe63a91b3d73f794c00b1a1d05133acd4f5c8cfc6c646ffc43085522f6ed2ca7cf5ead5fe9a39658e5a43a1a3a684a53e7cf87066ea058ebd4ee1ed88ab56ada2cc51b32874d49cb0d41b1a1adcb973e77c1958a92b947abe1396b965f9f2e594396a1a858e9a64a5ae6beada2877e2c4095f0a2a752b0b4a3d7fd16b9256e6efbfff3e658e9a47a1a36659a96bf77bbf7efddcfefdfb7d39844bb8947a7e1296b9ada6b4b7b7bbd9b367b3010ef81f0a1d354d83bf8a408f04d507ba6cd9b2c517856233c0b0484875623f7f7db5326f6d6d7593274feebc35cd5ecfe46b0cd40a0a1d35cf4a5d5fb56cfbc1071ff8c250b8ae5efd84656e2759bffcf28bbffd30fc1854ca1cb58e4207fec7ca40c5ae19dff4e9d3ddf5ebd77d79705dbd3ad1cfda7edee189d537df7ce35f2b5d2ab1320f5f4ba05651e840072b06958466ea9a01fefcf3cf1d35c2127c25633f5f7db532bf7fffbeffe43ccdcaf5285f5b5549be8e40ada2d081800a426cb39caeadaf59b3c6178ac26cbdbcd1cfd47eaee1e6447dfce9f8f1e3d9fc063c06850ea450595871a844f4895de7cf9ff7e5a292b1d9ba42b16713fb39ea6bb8c4be61c3067f82a5e706e8abbd3ee1eb05804207ba65a5a112d1326ffffefddde6cd9b3b6ae6d1d93ac5fe74e9aec82f5cb8e066cc98e14fa85862079e8c42071e4305222a75958aaead4f9b36cd9d3a75aaa37658867fda843f2bad78d8aa87be7ef1c517fe04ca76b1db6b917c7d003c44a1032548ced6355bd4277addba75cb979042b19716fd6cece7a3f20e67e5870e1deabc566e9f616f2755c9d7044057143a50222b165bfa55e9e8035eb66ddbd6a5c85552e1efc93fd1cf22fcb98445aee7e9bff3ce3b7e23a21ec7cbac1ce8390a1de8212b19958e9e2ea765f8091326743e3a56b1c20a0bac5613fe0c9233723ded6dd9b265fed1bbfa39eae76a274c9439d033143af09454382a1fd10e6ccd2c757dfdc081031d75f54f92c55e2be59e2c72b1a8c857ac58e1eaebebfd4a877e96ccca816743a103cfc0669256ecbabeae62d76d6e7bf6ecf11f1e62b1520b8b2eb6244b3c3c995174ebdfc71f7fec3fe14e45aefbfc2972201b143a90012ba370c6ae721f3b76acffc0177b8cac4545174bb9eb7b0fff1c76e212e6d8b163eebdf7def34beb1439501e143a90a164b16bb6ae021b3264887f6ca98a2d2c6ffd3aaddcc37f268f09bf572bf064895fbb76cd7df5d557eef5d75fefdc6ba09f0f450e9407850e944158ec2a30cd4855ec2ab6891327fafbaccf9e3ddb517d0f63e59eb7824f7e2ffafeec7b0d73f3e64db777ef5e376fdebcce6575ad56e867419103e545a103656605668566b376957d7373b35bbb76adfbf5d75fddbd7bf73a6af161acdc4d58eef635eb84ff7d497e0fc95cb972c57dfffdf7bec41b1a1afca506cdc66d595d7fcef0e700a03c2874a04292b376fd5eb357bba63c66cc18bf2cbf7bf76e7f5fb666c06949166cc84ab827d2fe3ba2bf9796b6b63677f4e851bfcaa047b30e1a34c817b86805427f3e4a1ca83c0a1da88264b9ebd79ab9ab1455f0da3c366edc383febd5a6bae3c78fbbcb972f77d935ffb83caeacbb2beab4dcb871c37fd29996d1f5643c7d4ebc66e1b6caa0d9b84e46acc42972a07a2874a0cac272b782b7d9bbcd7c55a0ba26ddd4d4e466ce9ce93efcf043f7e5975fba7dfbf6f9e57add0ea64d68ba869db6749f8c66ffb76fdff6b36d9d28a8b40f1f3eecb66fdfee56af5eed77a4eb72406363a3ffdeecfb508187b3702bf0f0cf01a03a2874206792056f3413b6597c488f4badabab7343870e7523468cf0b7ca69e39d0a79ca9429fe61379a59ebd73279f264ffbcf4d1a347fbd9b64e14f4ffb36bdfc6ca5bdf4ff87d24bf4f00f940a1033917166758ac61c1ea834c54f8f62c74bb0f3e2c69fbbde8efeb9f5561ebdf4b967628f93d00c8270a1d28b064d1a615f2e384ffae50dc407151e8000044804207002002143a000011a0d001008800850e004004287400002240a1030010010a1d00800850e8000044804207002002143a000011a0d001008800850e004004287400002240a1030010010a1d00800850e8000044804207002002143a000011a0d001008800850e004004287400002240a1030010010a1d00800850e8000044804207002002143a000011a0d001008800850e004004287400002240a1030010010a1d00800850e8000044804207002002143a000011a0d001008800850e14d02bafbc92fad7e53ffff94f49d2fe5df3b8ff3e807ca2d0811c4816685a01a7b17fb74f9f3eae77efdeeee5975ff65e7ae925efc5175f7c84fd3dfd73fa7744ffbe7d0f69ff9f34e1f7cb0900507d143a5066a596b5fe9e8a5545abe27de18517dcf3cf3fdf2dfd33fae7fbf6edeb060e1ce8860c19e25e7df555d7d8d8e8468d1ae5c68c19936af4e8d16ec48811aea1a1c10d1d3ad40d1e3cd8f5efdfdffffff5ff7ed2ffb757af5efe84402702fab3a5fd598cfd99297ca0fc287420036161a5159be89fb1b24e2b4a15e48001037cd18e1b37ce353737bb59b366b9850b17ba8f3efac8ad5bb7ce7df3cd37eefbefbf77070f1e74274e9c70274f9e74bffffebbbb78f1a2bb7af5aa6b6d6d75376edc70b76edd7277eedc79c4ddbb77ddeddbb7ddcd9b37ddf5ebd7ddb56bd7dce5cb97ddf9f3e7dde9d3a7ddafbffeea8e1c39e2f6eeddeb76ecd8e1befcf24bb77af56ab764c912f7eebbefba37de78c34d9c38d19f30d4d7d7fb3f57da0980fe9a4a5f271cddfd4cd27e76009e1e850ef4c0938a5b7f5f45962c39fd5e33e961c386f9b25631aaa83ffbec33b775eb565fd02a6715b38ab6bdbddde5393a61f8e38f3fdcd9b367ddb163c7dceeddbbddc68d1bddb265cbdcecd9b3dde4c9937de90f1a34c89fc4843f0bd1498d4e60d27e8e693f6b004f46a103dd785c796be6999c69abb4fbf5ebe7468e1ce95e7ffd75f7ce3befb855ab56f999eed1a347fd4c5a33e852cbfaafbffeeab1bffffebb47d2fe1b4fa27faf94a8f42f5dbae47efbed37b77fff7e5ff84b972e753366ccf02735ba44902c7b2de753f4c0d3a1d081ffb192482b91e47565fd5ad79c753d5a336d95d4e6cd9bdd4f3ffde4ce9d3be797b39f94b4a23461e12ae1afab95e4f72269dfbb79d2f7ab939a2b57aef825feefbefbce2febcf9d3bd72fe76b1f804a3d2c7adb2f90f6fa84af1f50cb2874d49cee66defa7d58decf3df79cffbdae696bc63d7ffe7cb769d32677f8f0617fcd59d7a4bb4b77851716a2fd73b124f9e792b49f813c2ebaaeafcb0fda2bb07cf972f7dffffed78d1d3bd6d5d5d57539b1d26cbebb92a7e0518b287444afbbd9b766812a052b6ffd5e3bc4a74d9be63efcf043f7edb7dffae5625dd3ee2e696595566ce4e1c98bfd4cbafbd9a5e5debd7beec2850b7eafc1e79f7fee67f35ab6d726422b78d1fe05bddedaaf60af73f238006245a1233ac902d7e0aedf6bb0b7815f45ae5ddadabca51ddc56deda219e96b402b262b2bf4f9e2ec99fa3247fd66979f0e081df4468253f73e64cbf114fafb54ed0ec754ecee293c709100b0a1d859756e0fa6bb6694d83bb06756d56d3a0afc15fcbe6ba869b966499240b875426e1cf5c92af4b5a744bde993367fc46c4c58b17fb6bf2ba47df96eaf5552b31143c6244a1a370c281d70a5cbf0e0b5c7ffdb5d75ef33bcd75efb6aec96ad775322a0acdf4ac24ac3cecef917c25f9fa84052f69d17df6070e1c702b56ac7053a64cf1bbebed524b77054fb9a3882874144272162eb681cd66e0da75fede7befb96ddbb6f9599aaebb26932c00cabbf8095fc364c9a7bdaeda7477e8d0217f4ba1f64be849792a7751d1eb584b5e83a7e05104143a72296d16aebfa6015705aeaf7a488b96d0f534335dffd653d092490eeee1e04fe24cf2754e1e03c9e8d2cbbe7dfb5c4b4b8b1b3f7ebc3fd6ec1abcf65d58b153eec83b0a1db96103653880da834734c0eaa12ddac4b672e54af7f3cf3fbbb6b6b68e21f96192837788d46eecf5d7573b3e74a925795ce8afeb0140dbb76f77fff77fffe7860f1fee2fe5d849a48e519bbd87c72c9007143aaa2a2cf1e4b5702da76b163e67ce1cff7854ddfb9d8c0dce120edac9819a9030e1b162c78f0a3e193d24481b283ff9e4133769d2247f7caadc93d7de93c733500d143a2a2eadc46d295d83a41e22a2a7afe971a1c9dbc83400db26b6b0b8ed2b213d4df238b2829730fa7bfa001b3dc2f6adb7deea72ed3d59ee143baa814247453caec4f5f774ed524f05d32788259f751e0eb0e1c04b4839121e63a2e32e6df6ae4fb7d3f30bde7efb6dbf735eb376ca1dd544a1a36cd24adcae476a57fa840913dca79f7eea6f294bce86988593bc243cfeecc43279bcea69827a54adaebbabdcc3993bd7dc5129143a321716b968a7b04a5c1bdcf4b84e6d6ad38772240b3a2c71455f93ff0c21d54c786c3eaedc77eedce93f4656cbf276cd5def0bca1de544a12313c9d9b866e09aa168597dc48811fed9e8c78f1f7f64e9921227454df2984d2b772dcb6b43a73e954fef0b95bb56a9f45eb1552b8a1d59a1d0f14c6c30b2c1c9ae8beb719b7a4a9b36b6e9719c61d24a9c9022a79472d747ebeab1c34d4d4d9dab562cc9234b143a7a2c391bd7a0644beaba4f7ccb962d8f3c279d9938a99584c7b88e791dfbe1b1aedf1f3972c42d5ab4c87f4090de3b3a11d67b8a593b9e05858e928545aeaf361bd72620dd66a625f530364b0907b870602324f684c7be957b98d6d656ff5903cdcdcdfe8498593b9e05858e27b20145838c5d1bd792a13ec94ab3f1e413db585227a46bf41e4896bb843976ec989fb50f1a34c817bbaeb5abd42976948a4247aa7036ae22b7d9435d5d9d9b376f9e7f7a5658d4943821a545ef8df07d925c92d787c76cd8b0c15f6bd72a9876c8ebbdc8723c9e8442471761918b3d8655cfb45ebd7ab5bb74e952c7b0f34fc2c1281ca808214f4ef8de49cedaf580256d2ad553e9f4bed409b556c8287674874287972c72cd0c44b384afbefaaacb6789dbc0130e468490a74fb2d893d7daf56982f3e7cf77fdfbf7ef729d3d7cef02147a8d0b8b5c5fb5bca759f9d4a953dd0f3ffcd0656061599d90f246efa964b987efb38b172ffa0f8ab107d6e85218c50e43a1d7a8b422d7e0f0e69b6fba83070f760c1fff846575422a9ff03d67ab62165d67d763935f7df55566ece844a1d798b0c84545ae1debba4e77f4e8d18ee1e29f412459e48490ca2759ece1aad99f7ffee91f563374e8508a1d147aadd09b5bacc8757d5c4beb9a91eb2117161b34287242f215bd17c3f76558ecfa98e1b56bd7763ea886cd73b58942af01f686d61b5c25ae59b91e64112ead6b80a0c809c97ff4de0cdfa761b1eb836156ac58e16f2f55b1ebbd4fb1d70e0a3d626191db7de4dab5ae8f79b46840a0c809295ef45e0ddfb761b15fbe7cd92d59b2c4bfff75dba9adcc51ea71a3d023646f5a7b03abc8b57966f3e6cdfede56c5068070402084142f7aef86efe3b0d84f9d3ae566cd9ae557e684d97adc28f4c8e88d6a67e35a5ad7ef5b5a5aba3c9e95222724be84c5ae5537b1ecddbbd7bdf6da6b5c5f8f1c851e097b63daf2ba96d966cc98e14e9e3cd9f196a6c809a98584efedb0d8efdfbfefd6ad5be7060c18c0327ca428f408d8ac5cbfd619b86e61d9ba75ab7f132bc922a7cc09893fe17b3e5c86d7e39b67cf9eedef74d12dabccd6e341a11758382bd71b53162c58e077ba2a7a2387cb6e143921b597ee8a5d9b63f5190d9a04681c61b65e7c147a41d9ac5cf4861c3d7a7497dbd0585e2784583406d838102ec3dfbc79d3efb1b10901b3f562a3d00b466f34b16be55a365bbc78b1bb73e78e7f83866fd6f04d4c0821361ee86b385b3f70e040e76cdd2edf51eac543a11788bdc154e6dad4a25bd1b47bd5c2ac9c10f2a4686c482b76cdd6f5896eba3bc61e214ba9170b855e107a63d9352e9d45ebde52bb56ae1939454e08e949c2b1229cad7ffbedb7fe49735afd6309be5828f49cd31b49f4c6d2352edd43ba7efdfa8eb71eb37242c8d34763868d1be1e5baf3e7cfbbc99327b3045f30147a8ed91bc896d81b1a1a3a3f114d6f42ae951342b2888d1ffa6ab3757dd5e363b504af8984ad1026c729e407859e53f6c6b15decfa54347bda1bb3724248d6d15862e3894d1694eddbb777ae10725d3ddf28f41cd21bc6ce8635335fba7469c75babebb52eca9c109275c2c98215fb891327fc03ab345bb752a7d8f38742cf192b73ed32d56d699b366df26f288525764248251296ba4d22ae5ebdea264d9ae4570c55ea365e25c730540f859e237a73e88da222d757bb254d451ebec10821a4dcd15863e38d95fabd7bf7dccc993329f59ca2d073c2ca5cd7a9060d1ae48e1d3be6df405c2f2784542b69a5aee811d3ec80cf1f0a3d07acccf579c57a58cc993367fc9b86ebe584903cc4c69f70b3dcb265cb3a3fb5cdc6b1e4d886caa2d0abccca5c0f71d06d69172f5ef46f162bf3f00c991042aa95b4525fb97225a59e23147a15853373ca9c1092f7d878148e4d947a7e50e855a2835e6f005d33afafaf77e7ce9df36f0eca9c1092e7a495ba96dfd928577d147a155899ebd6b4010306b893274ffa374558e6841092d784a56e59b4685167a953e8d541a157981de87a94a27e7df8f061ff66a0cc0921458a8d55e13575ddd2a6e5774abd3a28f40ab2035cb3736d82dbba75ab7f13b0cc4e08296292a57ef7ee5dd7d4d4d4f9496d947a6551e815a4835b07b996a5962f5feedf003c34861052e4d8b86513934b972ef97d417a4096262f947ae550e8156265aee5a8193366f8035fa1cc0921454fb2d40f1c38e00b3d1cffc2f110e541a157800e669da9ea001f366c98bb7efdba3fe86d998a322784143dc952ffecb3cfd8245761147a05e97ef3fdfbf7fb839d4d7084909862635938a64d9d3ab5cb27b4a58d8bc80e855e66b6d4ae33d50f3ef8c01fe494392124c6d89866ab8f172e5cf0b7e6eaae1e1b0f936324b243a197912db5ebe131a3468d7277eedcf10779da992c2184c4101bd76ce2a28f80e656b6caa0d0cb4c85aea5f67dfbf6f9839bd9392124f6687c33ca942953fcad6cec7a2f2f0abd4c6ca95d67a673e7cef507b5dda246991342628e8d71b6f4fecb2fbf50e41540a1979195faefbfffee0f6a3bb8092124f6244b7de1c285ec7a2f330abd0cacc875f0b6b4b4f88399a57642482dc60a5d9f26d9bf7fffce0d72c81e855e263a68b5bbf3f2e5cbfe6066764e08a9b5d804c62634e1a7b2314bcf1e859eb17076ce6d6a84905a8fc63d66e99541a197814a5dbb39cf9e3deb0f621dcc943921a416a3b12f2cf5050b16701b5b9950e819b222d79391f431828a9539854e08a9e558a11f3d7ab4cb73de911d0a3d6356e87bf6ecf107af1dc4841052ab092735fa3a69d2a4cefbd2d3c6513c1d0a3d433a38f554b8c6c64677fbf6edce8397d93921843cdc4fb471e34636c79501859e115b6ed7b5a1c58b17fb83d60e5e4208a9f56862632b96e7cf9f77fdfaf5a3cc3346a167c896db7ffcf1477fd0daf5734208215d572c9b9b9bfd78c9b27b7628f40cf5eedddb0d1d3ad45dbb76cd1fb0143a2184748dad5cae5ab5caaf68aad099a9678342cf88cdcea74d9be60f56ca9c1042ba4663a22dbbfff4d34fccd03346a1674407a5ce3657ae5ce90f563b680921843c8c8d8d57af5e7543860cf12b9b69632a7a8e42cf8815ba7d4c2a3374420879341a176d6c9c3c7932b3f40c51e819b15deee1d3e10821843c1a1b1fe7cf9fdf791d3d6d5c45cf50e819d1938f1a1a1adcf5ebd7fd81caec9c10421e4d781d7dcd9a35147a8628f40ce860d4538fc68f1fdf79a052e88410f268c242dfb56b173bdd3344a1674007a30eca37de78c31fa43a5829744208498f15fa912347b8869e210a3d0356e873e7cef507a91dac8410421e8d8d91274f9e64977b8628f40c58a1bffffefbfe2065864e0821ddc70a5d9b88799e7b7628f40c58a1b7b4b4f88394193a2184741f1b23f54cf7fefdfbbb3e7dfaa48eade8190a3d0356e81f7ef8a13f4829744208e93e147a7950e819a0d00921a4f450e8e541a1678042278490d243a19707859e010a9d10424a0f855e1e147a0628744208293d147a7950e819a0d00921a4f450e8e541a1678042278490d243a19707859e010a9d10424a0f855e1e147a0628744208293d147a7950e819a0d00921a4f450e8e541a1678042278490d243a19707859e010a9d10424a0f855e1e147a0628744208293d147a7950e819a0d00921a4f450e8e541a1678042278490d243a19707859e010a9d10424a0f855e1e147a0628744208293d147a7950e819a0d00921a4f450e8e541a1678042278490d243a19707859e010a9d10424a0f855e1e147a0628744208293d147a7950e819a0d00921a4f450e8e541a1678042278490d243a19707859e010a9d10424a0f855e1e147a0628744208293d147a7950e819a0d00921a4f450e8e541a1678042278490d243a19707859e010a9d10424a0f855e1e147a0628744208293d147a7950e819a0d00921a4f450e8e541a1678042278490d243a19707859e010a9d10424a0f855e1e147a0628744208293d147a7950e819a0d00921a4f450e8e541a1678042278490d243a19707859e010a9d10424a0f855e1e147a0628744208293d147a7950e819a0d00921a4f450e8e541a1678042278490d243a19707859e8164a1b7b7b7fb031600f0a8070f1ef8b1f2dcb973147a8628f40c58a17ff4d147fe20258410f2e45cbe7cd9d5d5d551e819a1d033a0427fe18517dcfcf9f35d6b6bab5f46ba78f122002085c6c82b57aeb843870ef919fa2bafbc923ab6a26728f48ce880ecdbb7af1b3870a01b30600000e009343bb7f13339a6a2e728f40cd8c1a8af5a3a020094261c3fc371153d47a167848311009e0ee36736287400002240a1030010010a1d00800850e8000044804207002002143a000011a0d001008800850e004004287400002240a1030010010a1d00800850e8000044804207002002143a000011a0d001008800850e004004287400002240a1030010010a1d00800850e8000044804207002002143a000011a0d001008800850e004004287400002240a1030010010a1d00800850e8000044804207002002143a000011a0d001008800850e004004287400002240a1030010010a1d00800850e8000044804207002002143a000011a0d001008800850e004004287400002240a1030010010a1d00800850e8000044804207002002143a000011a0d001008800850e004004287400002240a1030010010a1d00800850e8000044804207002002143a000011a0d001008800850e004004287400002240a1030010010a1d00800850e8000044804207002002143a000011a0d001008800850e004004287400002240a1030010010a1d00800850e8000044804207002002143a000011a0d001008800850e004004287400002240a1030010010a1d00800850e8000044804207002002143a000011a0d001008800850e0040e1fddbfd7fd9e75142435eca910000000049454e44ae426082, 12);

-- --------------------------------------------------------

--
-- Structure de la table `mygroups`
--

CREATE TABLE `mygroups` (
  `id` int(11) NOT NULL,
  `name` varchar(100) NOT NULL,
  `userid` int(11) NOT NULL
) ENGINE=InnoDB DEFAULT CHARSET=latin1;

--
-- Déchargement des données de la table `mygroups`
--

INSERT INTO `mygroups` (`id`, `name`, `userid`) VALUES
(4, 'Family', 1),
(5, 'Friends', 1),
(6, 'Work', 1),
(7, 'Other', 1),
(11, 'ZZ0', 11),
(12, 'ZZ1', 11),
(13, 'Work', 5),
(14, 'Work2', 5),
(15, 'Family', 5),
(16, 'Aliens', 12),
(18, 'My Team', 12);

-- --------------------------------------------------------

--
-- Structure de la table `user`
--

CREATE TABLE `user` (
  `id` int(11) NOT NULL,
  `fname` varchar(100) NOT NULL,
  `lname` varchar(100) NOT NULL,
  `username` varchar(100) NOT NULL,
  `pass` varchar(20) NOT NULL,
  `pic` blob NOT NULL
) ENGINE=InnoDB DEFAULT CHARSET=latin1;

--
-- Déchargement des données de la table `user`
--

INSERT INTO `user` (`id`, `fname`, `lname`, `username`, `pass`, `pic`) VALUES
(1, 'ro', 'bot', 'LLMMNN', '1122', 0x89504e470d0a1a0a0000000d49484452000000fa000000fa080600000088ec5a3d000000017352474200aece1ce90000000467414d410000b18f0bfc6105000000097048597300000ec300000ec301c76fa8640000020e69545874584d4c3a636f6d2e61646f62652e786d7000000000003c3f787061636b657420626567696e3d27efbbbf272069643d2757354d304d7043656869487a7265537a4e54637a6b633964273f3e0a3c783a786d706d65746120786d6c6e733a783d2761646f62653a6e733a6d6574612f2720783a786d70746b3d27496d6167653a3a45786966546f6f6c2031302e3130273e0a3c7264663a52444620786d6c6e733a7264663d27687474703a2f2f7777772e77332e6f72672f313939392f30322f32322d7264662d73796e7461782d6e7323273e0a0a203c7264663a4465736372697074696f6e207264663a61626f75743d27270a2020786d6c6e733a7064663d27687474703a2f2f6e732e61646f62652e636f6d2f7064662f312e332f273e0a20203c7064663a417574686f723e3130737061636530303c2f7064663a417574686f723e0a203c2f7264663a4465736372697074696f6e3e0a0a203c7264663a4465736372697074696f6e207264663a61626f75743d27270a2020786d6c6e733a786d703d27687474703a2f2f6e732e61646f62652e636f6d2f7861702f312e302f273e0a20203c786d703a43726561746f72546f6f6c3e43616e76613c2f786d703a43726561746f72546f6f6c3e0a203c2f7264663a4465736372697074696f6e3e0a3c2f7264663a5244463e0a3c2f783a786d706d6574613e0a3c3f787061636b657420656e643d2772273f3e74fe812f00001c4549444154785eed9d899b54d599c6e75f1a71c2e898a8332e491c9349cc38418d7bc679cc64a23146410415153744415615c105141471c11511571401a5bba1b7eabd697adff7c533f7fd6e7dd5a72fb7e9aaeaaa5bcb79dfe7799f2a9a5eea9e7b7ee7fbceb967f9870b579c30344d17b7093a4d3b60824ed30e98a0d3b40326e834ed80093a4d3b60824ed30e98a0d3b40326e834ed80093a4d3b60824ed30e98a0d3b40326e834ed80093a4d3b60824ed30e98a0d3b40326e834ed80093a4d3b60824ed30e98a0d3b40326e834ed80093a4d3b60824ed30e98a0d3b40326e845e60b1e381efaf57f851f3c61fe2d607c4d1cf87e78b6df45179e097a81db8611b002de8b1ef2e1c5fffdecfee3e6a7f71d37ffb2bccc9cb3acccfcf3bd6566e1d2d284f16f7c1dff8fef3b3ffefbecdfa3bf1f26fc8569825ee0d6c80c00cf5b7edcfcc483f7acc5250230be76e9ca72f39b5595e6baf53173eb965a73c7cbf5e6ee1d0dbeb73798dbb6d59b5b9ead318bd6569bcb1fab30177b70a371f8c93da566c112bf21400360ff2dfddb84be704cd00bc43654800dd11b00fe930724e046e4fdafa7abccbd3b1bcdf39fb6990f8ff598928621d3d6376e46c6a6ccf8e48fe6c71f7f34619a9afad18c4d4c99c1d149d3d0316a0ec506cc9eefbacc9af74f790d419df9d5e31502bf827fbef79ed01796097a9efb8207fc57800cb0001ce046ba8d487dff1b4de64d0fca58eb8819f5609d4b80dd7632ea1f9e34476a07cdd6cfda2503b8e4e17289f80b97fa590381cf7f13f43cb502a3d11b6003f0cbbde8fad09bcde6f3f23e013028c03be145e849cf88d45301b0e732be1f3f3be16500780d5373d798d97da84ba0c7673cdbfb5cc82ef4b35eb8e23881cf3313f43c73107044cd733dc8ffb8b946e0eaec1f8fe3e60b6002ec20d090bea6a2e0cfab013dacffa7aa3a3562d67d784ab20b344418d4d3cf4ed8f3c7043d8f0c30000840415f18d0dcfe62bdf9aab27f066088d40a5dd0d990fe5efd1b1af5edbfd73334615e3bd86916ada912e0cf8b4778bdaee0b5d2d19aa0e781ed280eb8f1d8eb4f5b6acdb7d5fd718c7cd97043f6fba8a47f53ad8d8e6a786ccaecf480ffed937e84c7b5e1baf04ae07367829e63a3f2ebb36a8071e5d3553262ae024c61d13bd7b23f87beb781eff322fcfa8f5ae5ba909d30bae7d6043d47d60a0f00cef5a238525d3cce1a18f107d8149c204cf928fbb3e1d506beb265d8fcf9853a69c4301947a37bb03ce8ec9aa0e7c036e400e0eab5d5e670cd401c0d23836b3638fa3edf657f56edc7abb67fd9e1376acbcacc4512dd99ca4769821eb151b9757a2afae20fee6ef6fab57e14071800042a24c06d053fb79f95f8ef2b4e0e9b3fac8b49e3c6543e5a13f4088d4a8d0a8e67ce98f8f2c6b75d3e019eece857a890dbb2af01af782e0f0d8d4ecaec3dc08e270c7c0c178d097a4456c891ba5ef668452255d7492d5031001e947d4d7663f6dcfeb6c47c7ccd70c2ca8dce8c097a044625c64ab0855ec5c67cf4bab611a9ec88720a413142aeb2af0d0d9bbe7feb7097396f79996437843dbb26e859760272af3f7eedfa9869eff367b6692a0b152be0b66cd8f1aad17dfff15e2923c29e5d13f42c1a9516e9ba42de353021955b21b72bbf2bb261d772f8b2a25fca0aabe2d867cf8e097a96ac9063310ad67a77c4e7a8bb0cb92a0cf6fd65bd92c6a3dc087be64dd0b360851c15176bb9b1da0b22e4d39a017b3c8dc71a780cd001742dc760d9d2e999a067d81a91340d3dd630289598909f2e1b76edb36fdad79a78ce4ed03367829e056350099169efd16ea9bc847c76d9b06bd12c79d57fce4ed83367829e41a352627ae7d94b4acd937b5ba4d2fa33c3a62b3375bab45cf0e80d1a1c993457adad963907843d3326e819322aa30ebeddb4a9c68cc7b775b227c350b34bcb4753f892c6212953855cb7d4a2d33341cfa0fd4a79dc949f1c96caaa959690cf2d949196937675b0471d53f8cc98a067c01acd51295f38d02695d4869ca027272d277d4536f4dfcfd69873e2ebd9097bfa26e8f3342a1f06dfd09fbc61436cc6c09bfd4a25272d2f3b85c7acb9b0b2a7933741cf80f1180da01facf2b77e62ca3e3f05615ff56e8bec34cba89ebe09fa3cac293b0e50b8e7d546a994ba688390a72f2d3b1dc8c4fa006c73fd5346f6b44dd0e7698d30d83209d24744047d7e0a46750ecccdcf043d4d6b3447e55bf146935446544a46f3cc48cb51cbb2776842f68ec7a61d9c0b9fba09fa3c8d0a77a299d13c1bd272d4a88e33e534aa87dd0b7a7613f434acd11c7df3bbb6374825447fd28e40546684e2d4be7a6bef98f9c523e51c854fc3043d4d237dc42cb82fcafba412326dcf8eb44c35aaafdcd3cca89e86097a8a463407e43851053b9ae2b861889067570afad1ba41d9033fecded0b39ba0a76144132c5cc1068710a3797665972dcafac68d3199b7c0ada79237414fc352b93c57041ea951d99182ae517dcba76dd2d0327d4fde043d054bdaee552ef4cd718cb146193be250d99336a85834847bc1689ebc097a8a461459e045938dfb5aa5d269da4e655776638af504d76f88c93809c64bc2ee133dd3043d0d63d2c6a1987f0083a69354f605d0b5bc9f7aef9434b8d84a9b917d6e13f4140dc87ffd4485e91f9e3ef594113d3a29e81f97f64a170a5da9b0fb44cf34414fd2881a48db71dacadf5eae97caa69013f4688472d6c933cddd63e69287cb6513ceb0fb45cf34414fc14813cf5a5c223b9542ec9f472bbb51653f3d3513f414acbbbb7e70ac472a1bfbe7d1cb8eeaf7bfdec4156d499aa0a760ad4c279a87a4a2e9da732a3aa1bc75171f2c724186854c2b78afe89926e829188b29b0a8a267d03f43cd4e25a9e8a499d4fb3ff4f827bb70406e4e13f424adf3dbaf7ea63ab19533218f5e287305fd48ed0007e39234414fd2da3fbf6d9b3fe20e11f4dc48fbe875ed2392b69fcffef99c26e8491a033e587fbe6c97bf9b8cae3fa7a297967bb7d785e2faf4e44cd0933440c7428ac7de3e29958c0371b99396fbc8d854627ba9b07b464f9ba02769a4880b16979a673e3c25958ccfd073272df7d18929f3fb3555723c359fa59fd9043d490727cbe0110f41cf8db4dcc7bd7b70ed7a4e9a49c6043d492be89b3ff1379b20e8b913414fdd043d4933a2e78f087aea26e8499a7df4fc91963bf6eb5bb4b69aa02761829ea413a3eeef70d43dd7d272e7a87bf226e8495a9ea3df536a96f3397acea5e58ea9c87c8e9e9c097a92d69971b7bfc89971b996ce8cabe7ccb8a44dd09334fa80e80b5eb3ae5a068120821ebd50e6ba4924f67807e41704ee157dba097a0a468af8cb472be4c03f08958eb0472f5dd4f2e131ae5e4bd6043d05633d3a223bb61b86382017bd50deba1efd8503ed6601d7a32765829e821139b021e1c725bd52d134b250d14952f778e3ba62f7f4396cdc61e6cc26e829787a761cf78ccb8550d65ade28fb1bf468a6907b45cf34414fd2895d6097969abfbfe21f95ac158fb0472394b346f3961eee029b8a097a8ac6e40c4cd21818e1beeeb9907697f697f5329aa760829e8601fbe19a41a970eca7472734a85ade4fbf3f7d52cb852b18d5e732414fd13a15f6d9c091c9547665674e28f31b37d630a2a760829e82e5f15a7ce4fd96e76a1315cfae8454f6a41365aa5a8613f723788fe87013f434accfd3ab4f8d48c5d30a486547da906adabef5b3769e8f9ea2097a1ad6f41d1336204ddf19d5b323bb6cf17af3e69ac4018b8ceac999a0a7688de6e81f5eb7219698a545d0b32b8de6c71a06b92c350d13f434adb07f5dd92f15d0af88843dd3d2065441c77e003a1b2eecbed0e126e86918511d150dfbbc2f79b5512aa0ce7b27e89915ca5327c9b4f78d9bcb1eabe0faf3344cd0e761ed1f56b64c2f7281087b66a4e5a8d17cdb67ed8ce6699aa0a76d3faaa3e2addcd32c15918372999396a39665fff0a4f9ddea2a739ed73f47b7898370a999a0cfd33238e7015fdd3af3511b619f9fb4fc349abff4790757aacdc3047d1e4ef4d5bd0a98d84b8e517dded2b2d3be39ce58fbf513fe26909c09979e097a868c63810ed70e48c5d42844d8d353309aaff9e014a3f93c4dd0e7694ddd3181e38f9b6b66a4ee6a2a7905212f6f1e963226e0f33341cf80358547d479f98b0ea9a09c4893bab4acecf2fad3965ad9178ed17c7e26e819b05640ec488a6593b1f8c01c53f8e46503ae8de42b5f72002e5326e819b24675441fac6c0b8ebe13f6334bcb471bc78a93c332f0a67bb613f4f999a067d00a3ba2d0dac0196d6aea7469b968e388a396ae5b1f93710f46f3cc98a067c1884488ecd8771c627f7d766979d865b36c579334961711f28c99a067d8a898001df3b1d15f3fd1ec4f8f25eca7cb865c53762cfdd57e7958f9d2e999a067c19ac2e308a72b9eac34adbde3528927ac7ebbebb0db906b23f8def73d92aedbe568972b9dbe097a96acb02385bf7e434ce66a43f648bcabb087417eb0aa5fb2200cbe712e7be64dd0b3685456a4ef58ce8ac9347d71d85d8eec61901f8a0d48390174ee1a931d13f42c3b01bbd7efbc6953ccf4c40f6874adcf6e5f275e35b3f9aab25fe09679ec843c6b26e811d88eecd7ae8f99533d6352c901bb5df9f57db1c9be362c54d1c52afb4a7ba56c10c9f9182dbb26e8115961479f1d27bd94360e49654764d38a5f8cb0dbd7a4511cc2acb7739797c9914a8ce4d937418fd0a8cc3a1a8fca8d5166950d4131c06e038e57edaa8c4f4c9987f7344b768332e1c05b3426e8115b61472443745fb5b725010106e96c38f47da1c9feec98eda6194b7dfba8b979538d39db7a4e4ec8a33141cf8151b911c910d53139e426aff2ebc41a08d1bd1081b73f2b5eb50183de3adc6d7ebeb25c1a377461b41c82654367c7043d47d64a8ec8e64f12396e9effb4cd8c79a92d84285828c0db9f0daf7637a4b163d4dcb5bd4152750ebae5ce043dc746a5d7ca8f94168b39bea8f0f78a8790fa2af0b6f341fa39f433d98063610a766dbdd48be2801cd7c8fe78ee4cd0f3c07674c7a11088f077bed2901899871424854abfa6efa392fe4db5661e2abcdf7bb4db5cb5b65aba25188bc075d9d749476f829e470608e8b7c30be3a9eed2d71acd0ff5fe59ec2ac01425f4feef9e0939febe0eb241c35e04dffb7db7b971634c22389e2c10f0fc3141cf33dbd11daf8006b3c6feb2ad4e96bd0e8ef8d368550a3da053083d24adf7a94b7f4e7f078c2e0406d76cb8a1e6ae515971b6684db57c5664244cd3f3cf043d4f1d047ee1bd6512e5fff3a92af3f4fba7ccd1bac1c4c09d2d0532087f2ad67101fc1efc3b286cbffc91d7e8dce3651b973c5c2e29ba46706423f6e7a7f3c3043dcf6d030fe3a4121cd98c287fb5d70f5ef56e8bf9b8a457a6d502ce33290172dcfaef30986d8d8e4fc9b153bbbee914b82f7fbc421e9361fe3e569b6904b73f2f9d5f26e80562050840699447145de0417f8e07dda55e64bd71638d79f4ed93e6b5839de6cb8a7e53d73e6206bc541fb3d1e682198dc4a8f77d88d6279a87a4f1404a0eb0aff4b208fc3d446ec0adabccf473d89f8fce4f13f442f303d3ef013db65b027418dd46ff18d11e46e4c7c41444df6b9ea936b73e5f2b23f900f7bed79bcc8addcd66d9ce26b3f8d546f3d797ea6519ed954f57995f3c522ebf1723ff672d2e917e377e1740d6ac42ff3ee12e1c13f402b70d9b467b85116935527c447e80bb70a9976e7be0222a4b74f6dea3df8f341c8d044e9b41b4c6ef9446c46b28f0bbf03eecefd18563825e640e0311a06aaa3d9bf1ff36d06a825d1c26e834ed80093a4d3b60824ed30e98a0d3b40326e834ed80093a4d3b60824ed30e98a0d3b40326e834ed80093a4d3b60824ed30e98a0d3b40326e834ed80093a4d3b60824ed30e98a0d3b40326e834ed80093a4d3b60824ed30e98a017a12f909d62e7b7d71bf78a2b2e13f402f26cf005377fc416d0ba83ab6cfc18f8fe30dbbf033f6bffbcfc0ecf613f07fb0d0b9dcf26e879e6d9767155e000a04287ed9cb13df3f476cefe36ce38d4e11f1797c8feeef89a6ee58cad9fb1ffbb6dfc7c624b689cbee27dff822525b2a73b7e1e5b4327b683f6be4fb783c6dfd7cfa30d41b0416156903f26e839741004055a61c6ff2bc8800de00140bcc7d7f17d973d5a6116adad36b76ea93577ef68300fee6e96b3d9b67cda66761eec34ef1ce936fb4a7bcd17e57de660d580395c3b608e78d6d7ef6a06ccd755fde6c0893e39c471cf775d66fb571d66d3be56f3c4bb2d72d8c31d2f37989b37d798dfadae343f5f592e9fedbcfbfc2399f079d0b8a091404380c603d732a311b0ae11660310bd097a443e0d6a0b04051a5113d0001e8083efc3c929d7acab367ff3607bfc9d16f3d2171de6fd1f7a04d0baf651d33f3c21872dce75e4d27c85239b46c6a74c67ffb8a938392c473ea151d8fc499b9cfaf2bf2fd4c90190387411d782466081771dc828904d6803806e05e18fde043d4bb62bae9d7aa33f8b541951192936c0c6f7fef2d17273f3a61a73ff1b4de6792f1a23ba96350ec95968e393c9410cd87178a29e84aaa7aaa66afb67f530c6b984efc1618c2d3d63d208a11158fbc12973f7f606b3688ddf00e0baf59ad1a825e08f37785a5e30c1cfac097a863c036cafd26afa8d7e34526f3d130d95fb578f5798ffdb5a6756ef6d316f7a401c6b18323d1ed0006b3601248550819ceb5864fdb96415fcb9d96c1fab0ce3739c49c83870daebd795fde6652f2341f7e2868d313918126583c81f76c69b1df509fefc4cd0d3f40cb03d4bc504d81ec8181843e442d406f0d76d8899957b9aa5cffc43fda0e9f3d2edd9046812d1d473186890bee642c1cf61dbce28f0aadf1714fe0ff063ec60cb8176b37847a3b96275a5942b223e8c94df067fb6f2a7e736414fc176e5d2ca87af69c406d848516f79b6d6ac7eaf45d2efc6ce51a9f4615220c280866683249f15fcfc6abb01982d03181a9d34654d43d2203ee0756116ada996b206f488f848fdf16f3d4156ef05a19fdb047d4ecf841b150c834dfa280b5fffc3ba6a1928fba8a4d79cec1e4b54745b80390c6ac87e5fac0a5e2b6cc31f76fde8f363e06fd7379d66c9ab8de63f5655ca683fb225f4f1c3a23da10f37410f7130722335473439db031b511b8fb4300abee3ab0e53d9321c1ab15181615466bb72aba959e0d70631a48c064626cdb7d50366fd47adf2b80f8d2e1a5b34ba180b21f4b39ba0c73d2bdc5ef4409ffb375e3479e8cd66f3d1b15ed3d13f1eaf7ad30a031bb2df536756b0cc60053f588628e758eb8879edeb4ef3d797eaa5cb84477a02bd977111fa99761af420dc30d2724409c08d09228fbc75d27c76a2cff40f4fc6ab982f543c01dbb3564afd7ab05252e92958a6b036a841a1cbb4fb5097b9f3950699d423d07bd917eeb136dcf6bd77cd4e82ae80eb6839fe8d4880011f3cfac2e31fc03de8a58ab600352a995df1207da5b2a76079c388ea13f1fb610ba3f9af7fdb69feb2b54eee31b232f4e9f57e07eb810b76127469e13deb6839de23fd7bfb48b7e91a9899966b0409ab6854ee14bc17805eef932da4f7988074ddfa98dc6f646b9ada6b94770178a740d7d61cd11b691d1edf3cfb499b54065bc1c80dd9efa9fc92de1b7518f4e39353e69bea01c9d630ad18c0037c34f25a2f8a19782740c78d442b8e9b8b9b89e88d851ec36353f16ae057161b6edb54e148ef97de3b6db46d21b57ff1f37673cd33d5f214058dbed613bc1623f045093a6e94f6c7f4b118066830b056de3c1cbfddbe5009ec01353555f8d2fba8f714f7da867e7c62caec2feb357fd95627d36f318087fa538cc01715e87a6312807bfd6f0cae6dfcb8d534778dc56fefe9d15bbf4615a7a6efb3ffaaa9bdad23b583e6de9d8d3332bf6202be2840b701c7e331008ee7de5b3f6b9765952a466f4aefb7de7b6df05527bc8c6fc5ee26a94fc514e10b1a741b70cc8c424bfcef8f5598e7f6b7c9f24e95001ebfb1b8a77a932977a57540ad4140557e72d82c7dadd19feeecf5e1316807172aec050b3a0a5c0adf7b8fe7df58e8809d55ec596b36e090de548a52d97502afc1c1bb92c621739bd787c7a01d9ec5176a742f38d0ed288e8287d1b7aa6d9b7e44a68043849b4a4661c0db11fec0f13e73edba980cecea7378bb3ee6bb0b0a74142a0a18afe8875fbf21269b19a80838355f0581479dd27f63038d6d9fb79b4b31c5d6cb22511791511602ec0501ba1dc59142e13dfae1287828d8fada378ba2d2915d87f06aa7f30d1da3e6ce57ea136be435f8e433f0790f3a0a0f7d71bc47daf43fcfd5ca1a6595dde2da3787a23221bb4ee11573eb55d8611783bf1addb5bedaf5375f9cb7a0631345141a0a105b0ac19bf7b5250a9d805351caae639241c6dfb7748fc9601d9ef8a0dee6ebc87c5e82ae0585fdd6d05afef6c94a73283620050bd9691401a7a2920d3b5eed0d475e38d02ebbdf60869da6f2c17a9d4be71de85a40282cb492d82d551f99318a53f920bbee499d947746068691ca631c09410a75395f80cf2bd05128ba7410911c2785a8ecd6938053b9960d3b5eb5efded4352a4f8310a400bbd66bbb9ee7c27903ba428e57ecee82d5452a4dd5edc2a5a87c905d1f35186137db3b5eaa17d8f365902e2f4057c8f5b083778e764b8161c083cfc5a97c975d37edf1a3e5bb9af206f69c836e477240fec10f3d5248ec8f5385a4d960c7fef4d3b0a3cf7e3a035138a7a0db2d1ca6b2ee8d47f220e4145508b261b727702ddbd998e8b3e72aaae70c746dd9f0dc115b3be1740e88905385ac50d8bd7fdffe62bd2c7bc5e2ab5cc09e43d0fde78d68e99e7acf1f5d47c11072aad065c3ae693c0e9fc0f1d7186846bd8f1af69c80ae902392ff796b9d1404640fbc5154212b0c766c42aae7c747bd182672d07171b8482c06c0e4029ca70d69611072aa5864c3ae8fdede3dda2d014ed76f44e59c44745c24660fe1b451480bc12e188a2a06699d86b5cfbe6c575362214c54513d52d03565c7452eded12017adfd723545159bb45e2be86d7de392cd22abf553f8705e32e9c8233a26c5e03183ee08a3174fc8a96296d66fcd5e5ffdaa23f17c3d8aa81e29e8b8285cdceabdfe283bfbe5942b421d574323e353e6aab5d5fe69311e1bd9863d52d011cd31ead8d8392a17cb684eb924ade71ae0767dd369cd9acbae23035da3f9036f34cb45e262ed168ea25c905de77b8726e4fc01f4d5c398c9a4238de84853beadf63790f0416734a7dc9282ae517dd5bb2db2d169b6a37a24a0a30f82ada07ebfa64afa2690ddb251946b52d0b17312d808e32693ce3ae8fa480dadd6636f9f948b63da4eb92cbbee63edfa15ab2b650baa307e32e548223a40c76ca0f7be9f5e824a51ae4a41d729dfcb7636c982177092add1f74840c78747faaedb34eb24198a7255a8fffa4c1d87422cf0325edd7a2a1b8e04748c2a5efe7885e91f9e940bd3168da25c9666b69f94f5ca7e0c088661fc64c259071d1f1e1771c386d88c39ed14e5b2c080ce23296d1c1256b2396926fba07bfd0e2c60b96d5bbd5c1444d029caebc2c639c0114f177b693b269485319409671d747f20aeccfc7dbbbf8885693b45f952d04f768fc98c519cd21ac650261c11e8a5e62e824e513344d029ca0111748a7240049da21c1041a7280744d029ca0111748a7240049da21c1041a7280744d029ca0111748a7240049da21c1041a7280744d029ca0111748a7240049da21c1041a7280744d029ca0111748a7240049da21c1041a7280744d029ca011535e8d8b41e1748d3ae5b4f6a69ee2a22d017eff041a7286aa6dafac60b1f743da9e5f617eb4d67ffb869edf5dd46d38ebbb577cc740d4c9892c6217371a1830ecb69aa1ef097ae2ca7693a604473e524c84ea69c75d0f5c3e3f5675e8b45d3f44c2392db9cd8fc64ca9145f4b0afd3343ded6c721209e8344de7d6049da61d3041a769074cd069da0113749a76c0049da61d3041a769074cd069da0113749a76c0049da61d3041a769074cd069da0113749a76c0049da61d3041a769074cd069da0113749a76c0049da61d3041a769074cd069da0113749a2e7a9f30ff0f1f9d5df5ea3e3eea0000000049454e44ae426082),
(5, 'robot', 'robot', 'robot123', 'robot', 0x89504e470d0a1a0a0000000d49484452000002bc0000016808020000003a9fbfb0000000017352474200aece1ce90000000467414d410000b18f0bfc6105000000097048597300000ec300000ec301c76fa864000009a149444154785eedddb16e53591ec7f1e37d80bc4492196999862645685146649a2dd0b4ab348944139a19f10868b7499a48a1a11fa1d5348088b685220dcdce4a233b2fe117f07a9db3681cc0fe39f1059fece7234bf95f07a8bf9c7bee3dbdd1b00000ccf5a7fa13006026d100004444030010110d00404434000011d100004444030010110d00404434000011d100004444030010110d00404434000011d100004444030010110d00404434000011d100004444030010110d00404434000011d100004444030010110d00404434000011d100004444030010110d00404434000011d100004444030010110d00404434000011d100004444030010110d00404434000011d100004444030010110d00404434000011d100004444030010110d00404434000011d100004444030010110d00404434000011d100004444030010110d00404434000011d100004444030010110d00404434000011d100004444030010110d00404434000011d100004444030010110d00404434000011d100004444030010110d00404434000011d100004444030010110d00404434000011d100004444030010110d00404434000011d100004444030010110d00404434000011d100004444030010110d00404434000011d100004444030010110d00404434000011d100004444030010110d00404434000011d100004444030010110d00404434000011d100004444030010110d00404434000011d100004444030010110d00404434000011d100004444030010110d00404434000011d100004444030010110d00404434000011d100004444030010110d00404434000011d100004444030010110d00404434000011d100004444030010110d00404434000011d100004444030010110d00404434000011d10000444403005cd3c15ae9cdfc1c9cd53f793bf446c33a0100731ddf2f8fcfebbc9057c3f2a08eadb2d20000f30d4eeae2c1f58a616c77f2d78f2fea658bac3400c02ce35cd87c52e7e5d82ba3e33ab6453400c0675c947b77cbbb7ab1545ba5ffcfb2512f9a211a00e053ce4aef611d3bd16037d8d300001fb928f73a2d86b1f3b27958c756880600b86af0a69bbb12573c6fec994cd100005fcdb3bf95411d1b201a00e0aafeef75e8dc7979d9ce4398a2010016b6ffa28c861f7d5ed4df2ee4973775587da20100627bb50f4e77ea17537626bf7d5fb6eb75e4dd175bd5b831d10000576d7e5b870fb69f4e82207929d37a793b2cfbf522f05b33db1a440300ccb455fac3f2f651bd0a9de6b72ace4bbf4eab4e3400c0551bdfd75b0c47efcbe87aaf60da29475b75bc354403007c64728b61342c87ebf58b6bf8e64e1d6e0dd100009df8786344eb440300746223bcabb15536ebb4ea4403007462103e1471a79963ab44030074227cade4763b773144030074e2d7e77598edc7efebb0fa4403002cdfe0a43cabe34c5be5871b3ca0f18589060058b68bf2d727759c6dffe76636348cf546c33a01004b7051eedd2defeac54c5ba57fbd37477d25561a0060695e1f965e580ca51c9db6540c63561a00e0c6ce4aef611d43fb2f3e7354e60a130d0030c7e0a46c667b14422d16c398680080390ed6b2472112aded63f8237b1a0060a68bf2af3addd4abe175cfcc5c0da2010066ba4837367ece7fcfd79e9c99f9a07ed12ad10000dd7a7cb7f4d6eae775fdae49a20100be9cdd493a1c9cd5cbb68806009869bd6cd769699e3d6c72d5413400c04cebe5bb3a2dd9ee5a39bea87313440300ccf1d3d33a2cdde3bb2d7583f73400c012dce40550af1a79b0c24a03002cc1c6a3fa5c657ff16589ddfb6550c795261a0060992eebe168ab5e46cecbdf5b789ec2ed0900e8c4ebc3b2fbbccef3b5f07a692b0d00d08907c78bac379c97972bbf2352340040570e4f1778c7c32f6feab0b24403007466bdfc182f36bcfbbd0e2b4b34004087beb95387f97e5bf567284403007468f3db3adc02a201008888060020221a00a043fd7c7be31def690080ff63bfc6ef77da5ef9dd0fa201003a73569ed569beef567c9d413400c0158393d25b2bbd651c2275f0b00e89bfecd4616589060098f2f21f931fe765739c0e6be5f5e4ea1a0ed6165866287b0d9c8e2d1a0060cabfcfeb706977920ef74eea65e272ad6281622865ff873aac32a75c02c094392b04338fa35c6c75e183168eb81cb3d200008bf8df6d8b4f7eae530ca5ecffdc40318c890600f8aaf6cae9ca6f81bc241a0060ca9fe373299760abf48febb8fa4403004c59e05cca1b7bd5c256860f4403004cf942e7526e95feb081c72cff483400c0948d47e5a8eb3b147b65d4d41ac3258f5c02c0a79c95de22ef73cc1dbd2f87eb756e8b950600f8949d32fe7f75ff69bd5a8a712e8cffcd468b61cc4a0300cc777cbf3c9e7e53e402f6caa89d472466100d00b098c149d97c52e7cfd97e5ade3eaaf3ad211a0080883d0d00404434000011d100004444030010110d00404434000011d100004444030010110d00404434000011d100004444030010110d00404434000011d100004444030010110d00404434000011d100004444030010110d00404434000011d100004444030010110d00404434000011d100004444030010110d00404434000011d100004444030010110d00404434000011d100004444030010110d00404434000011d100004444030010110d00404434000011d100004444030010110d00404434000011d100004444030010110d00404434000011d100004444030010110d00404434000011d100004444030010110d00404434000011d100004444030010110d00404434000011d100004444030010110d00404434000011d100004444030010110d00404434000011d100004444030010110d00404434000011d100004444030010110d00404434000011d100004444030010110d00404434000011d100004444030010110d00404434000011d100004444030010110d00404434000011d100004444030010110d00404434000011d100004444030010110d00404434000011d100004444030010110d00404434000011d100004444030010110d00404434000011d100004444030010110d00404434000011d100004444030010110d00404434000011d100004444030010110d00404434000011d100004444030010110d00404434000011d100004444030010110d00404434000011d100004444030010110d00404434000011d100004444030010110d00404434000011d100004444030010110d00404434000011d100004444030010110d00404434000011d100004444030010110d00404434000011d100004444030010110d00404434000011d100004444030010110d00404434000011d100004444030010110d00404434000011d100004444030010110d00404434000011d100004444030010110d0040a094ff00a3d7068403452d1e0000000049454e44ae426082),
(11, 'Q', 'W', 'qw', 'qw', 0xffd8ffe000104a46494600010101000000000000ffe1002a4578696600004d4d002a00000008000101310002000000070000001a00000000476f6f676c650000ffdb0043000302020f070d0a0e080d10090c0a090b080b0d08080d080e0f08080d080b080a0d08080b0a0d0a0808070808080a080808080a090a08080d0e0a080d08080a08ffdb0043010304040605060806060914080b0d1409140a0b141414081408140814080b0814140808141408080808081414080814090a0a1408090c080808080e0c08090914ffc00011080064006403011100021101031101ffc4001d000100020203010100000000000000000000070806090204050301ffc40045100001030202020b0d060505000000000002010304000511120613070815182131545594d2d30914161741536181929395d4f01922345175b323357176b424323644a1ffc4001b01010100030101010000000000000000000006010405020307ffc4003c110001020205060c060007000000000000000102030405115391d106131572a1b112141621314152546192a2d2333435367173223242516281f0ffda000c03010002110311003f00d55500a0140280500a0140280500a0140280500a0140280500a0140280500a0140280500a03dad19d097e7a924261d94a088a491639c85445c705546849511705c1570c705ad68f35060222c68890ebe8ad5195f9ba4fb4383122f3436abbf09c2aae321f1093f9be5fc39feceb4f4b497786799b89f7e253164eb9701e2127f37cbf873fd9d34b497786799b88e253164eb9701e2127f37cbf873fd9d34b497786799b88e253164eb9701e2127f37cbf873fd9d34b497786799b88e253164eb9701e2127f37cbf873fd9d34b497786799b88e253164eb9701e2127f37cbf873fd9d34b497786799b88e253164eb9701e2127f37cbf873fd9d34b497786799b88e253164eb9701e2127f37cbf873fd9d34b497786799b88e253164eb9701e2127f37cbf873fd9d34b497786799b88e253164eb9701e2127f37cbf873fd9d34b497786799b88e253164eb9700bb02cfe6f97f0e7fb3a69592ef0cf33711c4a62c9d729844a8cada909a2890928909228aa10ae042a2b82a10aa2a2a2a22a2a574dae47222a2d68bd0bd35d7d1cfd68a69aa2a2d4bcc5ce8bb23bfa3da356a76d27de8f4cb8c9ef871b6c088d1b398028aae0971030c8e2898e0da26288a485f9bba4e0d214e4cc39a6e71ac643e036b54e0d690d57f97c5557fdaad5d055a477cad1d09f05780ae73b84bd35d5c3fefe09b087f7efddb979fba67b2aa2e4c5176097ae272f4bcdda6c4c06fdfbb72f3f74cf654e4c5176097ae234bcdda6c4c06fdfbb72f3f74cf654e4c5176097ae234bcdda6c4c06fdfbb72f3f74cf654e4c5176097ae234bcdda6c4c06fdfbb72f3f74cf654e4c5176097ae234bcdda6c4c06fdfbb72f3f74cf654e4c5176097ae234bcdda6c4c06fdfbb72f3f74cf654e4c5176097ae234bcdda6c4c06fdfbb72f3f74cf654e4c5176097ae234bcdda6c4c06fdfbb72f3f74cf654e4c5176097ae234bcdda6c4c06fdfbb72f3f74cf654e4c5176097ae234bcdda6c4c0fd1dbc1774ffbe7f9f0b2c2ff00e2b3c3fd169c98a2ec12f76234bce5a6c4c0ccfba2d1052e319c1140393698b29e501cb99f22920a6b87196ada6c315c57001e1e0ae6e47397894462ad68d7c446f5f051118b756aabf95536a9d44cfb1c8952ab5aabe2bfc49bb98c9e66882dcb47f45a3096ad65df1c8686a3990564c89ad21a8a2a664053cca28a98e186295e247ee09dd487ba09ea63e992facfdf10bef07b90d64641b17bbe1c2c1014dc9dab533fcf28000a2aaf1080a7938f8d6f49b3bff643593cdc8e9e5d5a01f643593cdc8e9e5d5a01f643593cdc8e9e5d5a01f643593cdc8e9e5d5a01f643593cdc8e9e5d5a01f643593cdc8e9e5d5a01f643593cdc8e9e5d5a01f643593cdc8e9e5d5a03e723b91d6304c481f14fccae0489c3c5c2a3e55e0a0200dbcddccab7d8ed52675a09e69d87aa7081e7d1f6dc65e75968d1730a1038da3bac0303caa8242a059c49b02acf745bf1b6efd0a27ee4ca83c8ef958ffb22ee8651d3bf1a1ea337bc92763cfe57a11fdd2dff009b26b123f704eea43dd04ccc7d325f59fbe2179e56c768fe98915cc066b2ba3c33eda92411e08d2224984dbba96cd1502423d8c9490888e02bc394b8b2de9365cd2a028b6c29b2d4f5d2db9db274e39d161db7be1b138ec464d6be1697b1cb15a6f1469663adb7ac3709030cc66589281e3775def2fda61c3996d992e0be739b80690ae9262b4ac6a66bbc3158741bd6ab8038bdabd628888a92a08a201c36c9dfe4687c8b02d8a7cb96f5c26b71dfb75c2e0eddd1e8e5933b809389e763fde2d5138cb8038b804993567980caf6d06d819736f76db0591f580b203be6e12d90171e08f91d7959648d085973bd5923d6a8292b8fc54126d05c47409134df6b13f116daed8264b0798b9c5726ee85f66ce0916a4ce33da38f35f7d8578c084c086382a10e02adaaa10815db6d0c27a36945922313ee0cc4baa2bf29966fd35a0d61bb2f3a3481213bddbc0404598eadb6d88a200827050195e8aec8b26d1a571ed36f98fdd6dcf4039331a9d216e8711fc928d3fd73999f6910da86a812df7054678865c5c8aad817674db44d9b832e353d96e5b0698b8d49645f0246d50c555b71091540c44c570c448455151511500d6968ed99e6763f98b2cc8d1e157e383859b5508a646161a125c5756bab27c1155701791383044402a57745bf1b6efd0a27ee4ca83c8ef958ff00b22ee8651d3bf1a1ea337bc92763cfe57a11fdd2dff9b26b123f704eea43dd04ccc7d325f59fbe21b08d068c36fd2896c2ba7707a65856e2aecd5d63b1186e60b6105836d1b69bb73c4eeb7502ca3fac61b375e919db50bd26cb5667870af02270ae3c1c09c7c3f9501ae4d8a7491bf0f6f85ad0c876969b02d68e527118b0a280963811a281a288aaaa281707dd5c00ef776be626e5401c5336ebb6797326397bda7a66cbc7971544c70c315a0318dbe7a390747a3db2468b2376dbd14c61a8c362cacbcf32f0aeb9b721c5e090c1bc31c72bacba86e2835810bee0181cb65f8c7a29a5568bc5cc75312eb15a8935fc3334d5c5622c536c8f851a1056a2be844a886d04951cda979400bd7b2f6ceecd9198cf39fc7197362c0611870173b938c5b6c84957026c0555d25155fb824a98d014776ed42626e96e8c352c5b90cac7407db7d01d05127667dd71b3c4551547fda69e4e2a03edb2093764d26b231a1191b5924297b876c2428c9091c6515e7a334ba965f6e19c8710f007032b0483fc7147c0d90c8732a2aa263822ae09e5c3c9ebe2a035893610bda157598c3c7aab806bc6102e58908c6e028ec688cb884eb4d09e2862720d9221cecb51c1c40502a07745bf1b6efd0a27ee4ca83c8ef958ff00b22ee8651d3bf1a1ea337bc9174124205ab429495044749c089497044149b295555578911131555e24ac48fdc13ba90f7413331f4c97d67ef886cba5ed6d7e2df5cbbdbdf68866436add3634d6dc25465a26333b1a4344bab732476d5239b2ad11eb54971784d8bd26cb0177b4049071b7c05e69d0269c6de04700da71145c6cdb345136cc15448091448555151516808d77a75a79a2dff0689d8d01ee6986c1502e662e5c204498e0b68c89ccb73124d19052506d0de6cd51b123251045414522c11315a03b7a17b1043b5aaadba1c684a5c2ab0a133171554c1715600315c111387c94064578b3049036e400bcdb82a060f368e8102f1893668a242be5124545a0301d19dad16d80e0bb12db0e3bc0b981c62dcc34624a8a8aa0e0368a0aa2aa98828f02aa7956805e36b3db249b8e48b5c179d74c9d71c7ad319d3375c55233370da52370c95488c9548955555555680cb744f4118b70e4831da881c59224708c382717dc6445383fa500d37491a973737549255111a59c8e2b28aaa9988c585432410c49000c33aa20e76d154840a23b35ed794d0bd0dbac472477d19183e6e6af522afca970845b698cc7ab6850407042c14b58e60da1a8881433ba2df8db77e8513f726541e477cac7fd91774328e9df8d0f519bde73d943fe2d61fd465fee5c2b123f704eea43dd04ccc7d325f59fbe21195bb6e1ddd91106eeb31041328a6e83c580a7126246ab822702263822222260888957a4d9d8dfa778e7699d3ddeb500dfa778e7699d3ddeb500dfa778e7699d3ddeb500dfa778e7699d3ddeb500dfa778e7699d3ddeb500dfa778e7699d3ddeb500dfa778e7699d3ddeb500dfa778e7699d3ddeb500dfa778e7699d3ddeb501896c85b3d4ebd0885ce7489ad81238212a5b8f02388842868d1928a3880663accb9b29126382aa50137f745bf1b6efd0a27ee4ca83c8ef958ffb22ee8651d3bf1a1ea337bce8ec5db355be65b5ab6e910bed045927262bf6ecaa488ea991818bb9d336779dc0b5262a04298364de773e93d46cf419e74fd1ead72bd112231dfe35222a2a55cd5227f5254b5f4a2d478979b97892c92d328a88d5556b93c6bafa7aebf0e8fc567dfc1cd19e5573f618f95af39fca1b285eaf719cdd19db7ecc07839a33caae7ec31f2b4cfe50d942f57b866e8cedbf6603c1cd19e5573f618f95a67f286ca17abdc3374676dfb301e0e68cf2ab9fb0c7cad33f943650bd5ee19ba33b6fd980f073467955cfd863e5699fca1b285eaf70cdd19db7ecc07839a33caae7ec31f2b4cfe50d942f57b866e8cedbf6603c1cd19e5573f618f95a67f286ca17abdc3374676dfb301e0e68cf2ab9fb0c7cad33f943650bd5ee19ba33b6fd980f073467955cfd863e5699fca1b285eaf70cdd19db7ecc07839a33caae7ec31f2b4cfe50d942f57b866e8cedbf6607366c3a322a8ab22e6782a2e5516110b0e1caaa31c5702e25ca60bc3c043c69858d944a9566e1278f3f35eeab9bc517f011946273f0debe1cdcfb08df6d26ce23a47311e61b5618663b70a3838a8a7deecab842a795493391ba6b8091208e54cc6a8a45daa0a8b751d2d9a7bb86e72b9cf54e8add527357cf522275a256b5ad5d469523389351786d4e0a2222353c12bdb5ff00dd644354272c500a0140280500a0140280500a0140280500a0140280500a0140280500a0140280501e86e727a7ebd54037393d3f5eaa01b9c9e9faf5500dce4f4fd7aa806e727a7ebd54037393d3f5eaa01b9c9e9faf5500dce4f4fd7aa806e727a7ebd54037393d3f5eaa01b9c9e9faf5500dce4f4fd7aa806e727a7ebd5407ffd9),
(12, '1best', 'Csharp', '1bestcsharp', '11223344', 0x89504e470d0a1a0a0000000d49484452000000960000009608060000003c0171e2000000017352474200aece1ce90000000467414d410000b18f0bfc6105000000097048597300000ec300000ec301c76fa8640000020d69545874584d4c3a636f6d2e61646f62652e786d7000000000003c3f787061636b657420626567696e3d27efbbbf272069643d2757354d304d7043656869487a7265537a4e54637a6b633964273f3e0a3c783a786d706d65746120786d6c6e733a783d2761646f62653a6e733a6d6574612f2720783a786d70746b3d27496d6167653a3a45786966546f6f6c20392e3731273e0a3c7264663a52444620786d6c6e733a7264663d27687474703a2f2f7777772e77332e6f72672f313939392f30322f32322d7264662d73796e7461782d6e7323273e0a0a203c7264663a4465736372697074696f6e207264663a61626f75743d27270a2020786d6c6e733a7064663d27687474703a2f2f6e732e61646f62652e636f6d2f7064662f312e332f273e0a20203c7064663a417574686f723e3130737061636530303c2f7064663a417574686f723e0a203c2f7264663a4465736372697074696f6e3e0a0a203c7264663a4465736372697074696f6e207264663a61626f75743d27270a2020786d6c6e733a786d703d27687474703a2f2f6e732e61646f62652e636f6d2f7861702f312e302f273e0a20203c786d703a43726561746f72546f6f6c3e43616e76613c2f786d703a43726561746f72546f6f6c3e0a203c2f7264663a4465736372697074696f6e3e0a3c2f7264663a5244463e0a3c2f783a786d706d6574613e0a3c3f787061636b657420656e643d2772273f3eeff85cd200000e7c49444154785eed9d097454d519c7a72e58512c2a4811b015b0ad6b1515b51657444151a460d8f71096705004914d644d00a9158a4aade7d47aac168eb6228b0a6aabc7da1a20cbcc649b4c26099084044880909d7cfdbe3b3710e2834c32efbeb9efe5fb9ff33b1386bc997bdffbe5befb967b9f0b76f50786311b168b51028bc52881c56294e082cf1f0386311b17243e0d0c6336ae84211d8061ccc695167b2d308cd9b8d2a6e30f0c63322c16a304168b51028bc52881c56294c062314a60b11825b0588c12582c46092c16a304168b51028bc52881c56294c062314a60b11825b0588c12582c46092c16a3045b8a951ad305e9fa43a634976ea133ede78665690c95cd3bf96a7389b95a7c6eb08e5896a9d704cb13db3d884139228dedc4f24eea08be250f43c6bcbb2013c978b137726790b97740c60bc4ed482fe4b6e0eb1c027f9e8dccb9f534b3895f433af13cbdde12e4f906ccba19d2f1775363519a693f332c533dde499d206bd923483fc85adad714fc4bf1f3b0bebe457db0bebd45595367f404f7f82b61ef9334c8ca0529a3da8207bf3b28dcb9cb68153613abbb589994ba932725b5a7a9ad9154c3c99a865435a2124e56e36b35bd36a42248558357841258335cb41c69676bb9b0e5481ce4829ae325e2f75544d411cb595b7e0caa4b0f426561369cf02741f1f675e05f39005b37941b5bb894e1178137ba3396a98771592dc05662d16e2005ff522391dcb5a3502cdc58e712eb29175497e4cb252293ca021f14ed58275aefddfd5c4234c3f22ac6566279c777809cb5cfc855686d725f19199a58470ec82534485d1d64c70f84e467ce47c17e6a5c6e45d84a2cea4b1cdaf967b9d6ac4d8e1dc592a9d8e7c5be622f708fbe0ccb6a4d67df366251a73465c4157255599fc05aea63d953acfa642d1f80ebf0225156c33a98884dc4c28d86473fc75276ca55647d026b86d95e2c4adeebd1903cbcad711d4cc41662511f21ff6f0be5aa894c9c2216854eb3d0793cc37a9884be62e186a2a3c0c4812ed8f776ac5c25914b6075148ad5c4e9069b8845a72ae88851e52e31f26235da50744639756a57b191d266de0815077c7275443681d5cf38462c4ad6f27ee09d7095715d4c20b262d15fcc8ce0493c6f7427ec585e029e0957a25cbf84d284ad7215e891c0aaa18e12ebc8d7efe251f625c67531014bc5a2cb0e9e719743cae8769032bc0d24fdce05090fbb602f6e10df4bf743e187abe14460afacba5e719a5855c5b9a23ea953d55c02b24c2cf7848e90b37e0c146e5e0245db5e83d2dd9f40799e475653ff04560d512e5665a11f0e6edb00459fbd758a6262c79fa0e4db0fa03c2759fea639f1c6f410d7170deb132696899532ac0d1cf3fc4b56c97ec95e3558b958a5df6d16ad77ca88b63f64d4a5d8e277c46ec28d5096f61fb94478497bee26654787d68985bbbea3d84ad935d9f14f2b17ebe8eeade019dbdef8f3113a499c3aa50bec7dc20587bfd924976a797c4b1e82d46835977aac156b8f5e1df2e6c42ab1dc637f62fcf90dc1039effdd1bbccb239cf896f6758a58db6595ec97ec552816dd29a08358d3bb63d7e242eca76e914bb62c740f1ab580c6df111e96f6b18eeedd21ab64bf88164bdc82a283587830847dae439fbf29976c59bc313db1f3decdf0f3c3c55ab1123f9555b25fb2e307692416b65851e7c1b1e45d72c9e6a7e6d821f0626b65fbd30dc9745498f899ac96fd921dff943e62c55e0b097dc3eb6395eed906ee31f45d67a94f985828d685f817f6b9ac96fde28f1b8862517fc402b1a81fd79053df13bcb69734d405fbdf9e21976a59f6bd35f39c47a0e1629158dd51ac0be098bbe54d77a4e38f7bc202b13ec156a41da44ea341110d98d24d0cd4a00e7b72d40550b069895ca2e54978882e42abbb279ec50a31feb8c72d106b0ba48cee24ce8853c73a089d1def01d92b0740f1a71b44df28dce4ae1b07de891d8deb61122c5688098e82512b961539e14f10d7680deb6022d68a95f2a5ac9efd422d86ddc5aa3ab41f1207b7c1f29ea50e2662718b6563b156f4b7b558342c2c69f085caae0d36c662b1be92d5b45ffc2b1fb3ad58fb36c6e0eeef3c2ca7fa96aa1e6bc5f2da58ace524169dc732aa1fa2995887bff82be4ac1d2bee77738fbf2258c6b35d8e5200b75821c6bfec515b89559ee785c20fe3c133b933b8c7b617a72ba88c86655780b56279ec2c563f5b89d530c7937641faac5b2c391aacc752b1ca6c7ca39f7fa97dc5aacf91af3741d2b036e284ab611d4cc452b18edb59ac658fd85e2c4a79200952465c0ca98a3bf296899514753e9cf0eb39502294f897f575845894caa200eceeeb9071859e091d20ef8d4990ffc10238f0de7cc87f7f01b210ffbd08f2ffbe180a36bd0c059b9722cbb0d3b9120a3e8a83fd7f590835a587e5ea886cb2963eec18b128851fad04f7e84b8deb620296894578c65f292eb20a461397c9d7865c2a6e62a39f131e7041798e1e2379b296a86fb18cae15a64ec6d729ddc54c83b96f4c8432efbfc52471e1a60ef14677b5ff289d6613db436ca8f2fccce09a887068ba4671cfbb51590953c43acbdd0db8f1bd315dc4605efa8ed429d7c009dff772a99667ff3bb3c13d96a63632a84f98682c567043556932c43e6bc983628259c3b212a68875b6fbb11a74b4f17b68b44ec27d2e389efe5fb964cb525d72504c6f79463d4c427fb1f2b3e46a886c2c15cbe8f31b417279277783daca1372e9e6e7646519a43f778392d30ffa8b55a089588bf5128bbe6fef40ea83bae5d22d8b7fe5e362376bf6e51eedc5aad4442cdfe2fbf5120b4919d9168ab6bd2a976e59023469efe473ccfbd542b4168b869b5768b22bd4512cf7a84be0e096b572e9962577fd98e0754483cf0f07edc5aa3ca089588b34130bbf8faefd1d4d0c6f804adec6c9e056709b328b15627c2ff5d1aec54a1afa2371576838c95987bb4231ccbe95ed0af511eb3e7dc4c2ef728fb90c02af45cb255b9ec09a91c113bfadaa8ff5a44e62fd56bd587bb682675c7bf15946886934a77481e4a836286017b95478a14b55c17ab526b1f070ba5297cefb42f5bbc2926fde83ef1f72893fa833c0f5409f4d332166ceef03453b5e974b8497dab223e254838a61f6fab7589a8895b9487d8b555b711c2af665883a37a4025b6d7a0de7b38d529e972aca4c6537ac5318b058212663e1bdcac5b23a39af0e03efc40ec6f50913162bc4642e70965835478bf000a0bde8b719d6274cb88f15627c0bee719458791bc63b61529016a0915875757528d6dd28d639067bda48ac8adc14318f2995d9b02e26a0b758b8a17438dd404f72f5cda716cbfe62d59495c88734a9d905d6a3b55889d8c7aad041ac3a6788555b51867daa9bb1c36efeb5c1c668df79d7e122745d5d2df8e6dd656bb12a0ffa2179447b4ba422f46eb170436921d64914ebc5deb615ab60d3f2609f4ad111a0112c5608a9ab25b1ee3cf74c2d9a89457f0cc79277ca6717d1f547eaa8b3589a895583bb42142ba4162bbcbb0dcc48fe3bf321edd91b2069b04bd9acc84da1bf581adc414a7ffd192fded1648b457d422b53559c0765e9dfc2e12fdf857d6f4f170fc2a2075c8a47f389fbd8d59d4e680a162b84d4d5564366536221e2042ab614a933ae53440f2c434ff04ca689ffafc1571a12d6513cc4c98dbb3c2193c2096b9b038b1542ea6a50acb9b7372916411b9c36b032a62272ac21ede6545d920917bdc51aa48b5855901ea25896a0a94c0d61b1428810eb058dc4b201bc2b0c21d4c74a9fc3623507fd5b2c1d4e37508b35e73616ab19e82b161e2a273eedd262c02a899531a7178bd50cb4158be626f04cec08d5a58572f3462e34e58fafa95b939933d0572cdc88bec50f06b7ac0609ac8e523214dda9e82996ecb89765ed969b35f229f96e33240f395f94cdb0cccc19e827566cf069ac592b06c94daa4f92865c049ef197ffb0ccd48a35a6f1efb4322c17cb1bd315bcd19dc4b06eef24845ec5cf1dc52417742498b731566e4abd429df8ecb821a28c34a5a537ba73f00c78e319f8b07f6854f7d684a562d1dd017469c4bf6200642ded2bf0bdfc20f6a51e80c09ac150f0c14b507d24f29df5a6527db8000ade5f283af49e18fc6389ee099e7a68ce509a3b748afab9d475c652b1dca3da41d1f6f572f3383735c74b2071a0dac10aba63ad58a3db89a9b69d1eba5a40071f2c964550bfa4f01fad40acfc2c716f168b651141b1e2e4ea776e2a0ea058dc6219ff870a8458ff74be5834c89606dbb2581611142b5eae7ee786c58a8858abe4ea776e8458dcc732fe0f15b058ad870888b55aae7ee786c58a84581faf91abdfb9e13e168ba52434430e9f6e3078531524d6c12dafc8d5efdcb058568b458fe8f824bc4774d8217c82d472b1dac2c1adafc9d5efdcd07dfa7cadd0e04d55905845db9c2f163d0a8fc532785315ee916da178fb3ab9fa9d9baa021f8b65f4a62a84583b9c7f3f56e50116cb62b12e86e24f37c8d5efdc541cc860b18cde54058975e8b337e4ea776e2af7a5b158466faaa13b8af56314eb4db9fa9d1b95cfa8b10bd68a3502c5dab951ae7ee7a63cd7c36219bda9865624564e0a8b65f4a61aba43f2b03650fafdc772f53b37d5c5fbc5d84316cb22c45487d37b40eab4ebc08baf8269f8efd89e08bed2ffd1cf33089a73f317903af3579036f37a487bf67a487fee46489b7513a4cfba19d267df82dc8adc06192ff4828cb9b743fadc3b20635e6fe42ec89c773764cebf073217fc067c8bfa40e6c23ee2f1bbf4347a9a1382c633d2d345b396f485ac65fd9047c1bfbc3ff85720718f4376dc13901dff24f891ecd583c4b847c1da21c85008fc3e0a72fe303cc8ba91e2d9ca39eb4741ee1fc7410efebf67829ac7b5d9054bc522c4bc99348f66c379359ba4eb296824350d7ca527839ee66af15ce333e97c9ae8c6c851d8f588d1d8343a1b99d490ab4e333108cd80738a09f57438135cd6a8eead09cbc5625a072c16a304168b51028bc52881c56294c062314a60b11825b0588c12582c46092c16a304168b51028bc52881c56294c062314a60b11825b0588c12582c46092c16a304168b51028bc528c1b527aa13308cd9b8e0ab01c03066e3822ffa03c3988d0b763e060c63362ed88586318cc9b0588c12582c4601fde1ffc58e4617cec9e8890000000049454e44ae426082);
INSERT INTO `user` (`id`, `fname`, `lname`, `username`, `pass`, `pic`) VALUES
(13, '', '', '1bestcsharp2', '55555', 0x89504e470d0a1a0a0000000d49484452000000fa000000fa080600000088ec5a3d000000017352474200aece1ce90000000467414d410000b18f0bfc6105000000097048597300000ec300000ec301c76fa8640000020e69545874584d4c3a636f6d2e61646f62652e786d7000000000003c3f787061636b657420626567696e3d27efbbbf272069643d2757354d304d7043656869487a7265537a4e54637a6b633964273f3e0a3c783a786d706d65746120786d6c6e733a783d2761646f62653a6e733a6d6574612f2720783a786d70746b3d27496d6167653a3a45786966546f6f6c2031302e3130273e0a3c7264663a52444620786d6c6e733a7264663d27687474703a2f2f7777772e77332e6f72672f313939392f30322f32322d7264662d73796e7461782d6e7323273e0a0a203c7264663a4465736372697074696f6e207264663a61626f75743d27270a2020786d6c6e733a7064663d27687474703a2f2f6e732e61646f62652e636f6d2f7064662f312e332f273e0a20203c7064663a417574686f723e3130737061636530303c2f7064663a417574686f723e0a203c2f7264663a4465736372697074696f6e3e0a0a203c7264663a4465736372697074696f6e207264663a61626f75743d27270a2020786d6c6e733a786d703d27687474703a2f2f6e732e61646f62652e636f6d2f7861702f312e302f273e0a20203c786d703a43726561746f72546f6f6c3e43616e76613c2f786d703a43726561746f72546f6f6c3e0a203c2f7264663a4465736372697074696f6e3e0a3c2f7264663a5244463e0a3c2f783a786d706d6574613e0a3c3f787061636b657420656e643d2772273f3e74fe812f00001d3349444154785eed9d0bb05d5579c783892606019f3856a5d516b456f051b47646c75a1fd55a1ddf76943ad676b45a6ba9ed38f585cfb10e14082121040821e485511e0102099080401e849008e511248110082410f222e1ece7595ddff7adb5f63ae7ee24e7de73ce3e8ff5ff337feebe27f79e7bf6dedf6f7ddf5a7bedb5c745e7be40c1303cdc06e8301c80013a0c0760800ec30118a0c3700006e8301c80013a0c0760800ec30118a0c3700006e8301c80013a0c0760800ec30118a0c3700006e8301c80013a0c0760800ec30118a0c3700006e8301c80013a0c0760800ec30118a0c3700006e8301c80013a0c0760800ec30118a00f9ba73e5fd546bc3ed178928aa695985e773f53fc5e4dbf97ff3d3cb806e803ee461835a8d35ea83d596f6b7809fa73c6abda9471aa76b6f659da6736995ea37fa39f39e708fd7e13e4bdecfb7043503400807f300dd007d045c6b660bf9001655809de33b40960fa99f38e56d145af56f1dc1355bce8dd2abef2c32abefae3852fff808a2ffb0b15cd394145338f55d1f42335f0cf53b5fff5de473700fcf7f86f11f8e67300fa8131401f10175019b8f5d7da149d810948320138fb4f54bce4332a5d7d9aca1e98a7f26db7ab7cdf63aa9eec57f52c56f57a5d358b5ea9e799aaa735558ff6aa7cd746956f59a6d27bce57c96f4fd50dc1fb5574c12b057e029f1a92a9e347404fd583db86fbce00bddf6d0122a82873db6cabcb6dcad4c9f55f54e9dd3354fef4dd0ceb6145b0fb3e8cb821a83da3b2adcb557ac7cf04fcf38e92cfa0a1e7cf671a1efa9cc8f2fd6980dea776c0983e3297d01a2ecaaec9b22fab6cd3951ac05d42a3a77a3dd7193ad14e2553d3f71ae8d64dbfaf7fcfbc4799f2dd9b54fabbe95cf653f780a1d7d585ab34e87303f8be3240ef338f009c4a65cade0bdfa933f77455dfffa4c14d24606aa89b80967f3b7cc66e56f3ef8b2dfcf4771adf337f6a834a6efd2fae2e5ca5618107ec7d6380de471630a80f3ec98d86c7577c50650f5fd300980f9db5fe5fc3cf7452f67d8bbf278d8bdee0d749f5e79e52e9fab35574c9f126c35be051cef783017a1fb8c8e2ba0f6e46cee345ef51d996a50623919fb9f97b035e95e2bf67fe2edb343a5634f097ae9fa233fc6ba5ab41fb46fb455f017ccf0cd07b6c06c08c5e3318b35fafb207e6f2201883e34a730f2eed5ecb7d16b76db2bc51bdb65325b77d47f7d7a5fb8172beb706e83d724316371356925b4e55f5688f2145c36300976ffb03f032f99f8db73de0f31d77a9f8d7ef35d97d02376a80bd7a03f41e5802ddf4c50980396f54d9d69b0c1a1a960101bc59fe67f5333cbd92ae3b9daff5cb60dd6419ad07f09519a0576c0e6e93d5a8a44d967d49d5e3670508063c97ed0102dc97fddcf693531f5ebfc0dbf98e752a9afb67d2b861a0ae5203f40a2d909b01b773c6abf477d3180012436eb70714725ffe3ef0769ec876bc4fc54b3e2bb05355837e7b2506e815d9414ea5ebcc97abec5129d5eb7599d422db830f78b3787f2cf05edf3d597d5a31b3ee5cf4dbbb6d805e810572dd2fa5c09efdc72adf791f073bcf3eb3100c21e456febe51c3a6ffc7dbe93d335d758341baee1aa077d90d90cf7db3aa3ffb18073943ce5b02c2b0ab11761aa8d3c06b65bf5fc4c788e6f003f6ee19a077d102b92ed72de407b67370dbfe2a65b61020f755c0aef7dd1c876cf36203bbceece8b377c500bd4b76909fa5219f7382cee4db38a8dda05480905b95c24e999da6cd32e480bdd306e85db040aecb500adc0b5ea9f2dd0f713003f2428db0cb205d7acf0ca97e7834de1cc7a6630b8fcd00bdc396e0a48c345ed5ce9da4b2c76fe32006e423d508bbf4d99395df73d7d9017ae70cd0bb61cae6ba644fefbd98839720e79006e42354c09ef3f121c5d77c12b077d800bd8396925d07e719e354b2e25f396865b65b91b9a09172c7c764759aef1fcd7983992e8b91f84e18a077c802b964f278c1db798d360e5a6f320c747015b04b7f3ddbb6528ea9851cb0b76580de49d34aacfa6bbefd4e0e561bb480fcf0a26354c02ee319e99a9fa284ef90017a07ec4a761d94e99a9f7090fa9003f4d6e440775f735e8a9a2f51a2846fcb00bd4dbb929dfa93f3df8a92bd4d39c84d43494b56f3acb992630fb76e80de114f64d0b347aee3e044c9de9ee8b8d191b3c73159f10d94f06d1aa0b76157b29f394e25d77e8a8352ee4643b9de8e5c56375551feece32abae0589dd9e989313299061e9d017abbd6b0f300dc8ef51c94ee1211406f4b0e7693d53130d79e01fa18cd0f29300370c9d2533818097264f3ce888f211f4b33d6f1dc4e593b9ea615632efca80dd0db343ddc30dfbe568211d9bca31a91d557ffc865f5b273011fdc007d0cae9d5bf4cde3c51fe320a4cc836cde79c931357df5bd8faa68c64bccedace5e7062e37401fb375f978d638956dba8a8390b20e40efbcec317537bddcf01564f53118a08fd2d23794cb69b4a2693d8d38000179776541cf1ebbd9f4d3cbcf0f5c6e803e1653d97ec6387e0e3909d9bcbbf28f2d011fcd7f9b34b45854b26503f4b1d85d52bbcb051fd43d59d08b4b6d3fe68616e57beb06e8a331670f99ee1a2f3c59075f31cdd5661ca87bb20d6abe7d9d647264f3960dd0476177ed9cee37bffdbb1c74b66c87ba2bbf31ad67898ae69d64ca77cc946bc5007d0ca6c1a0ecd11b24e8749601e6d5886137e57b72cbb74cf93e19fdf4160cd047e58932dffac257a97a6d17079c9f69a0eecb829e6d5c20b7afeaae54f9b9827d03f496adb306dd8e4a9364aefa08079b261ca0572839d666f2cceecd2a9afe229dcd3179a61503f4162dfd735d269e8efe79afe437aa74ecd14f6fdd007d34366bc265f7cf75c106552b3fab27d77fa19825877efa210dd047611af4a9e9ec913f7907079abdf71caa4e0cba5d538e6e72b1037225e70b2e0cd047615ed2e8fc97a8fa81a738d0ec8d2c50b5720372f7cf9127bbe84aabec7cc185017acb36f3dbe7fca9b72e1c20af5a92d1cdc499adcb71275b8b06e8addaf4cfe3cb3f10d4e38efb516ee47de77d2a9a4ed7d127949f33d819a0b76a9a11476bc32df91c0719caf6dec9825e3fb04345335e2c5daab273063b03f4564da0d3b251377d55828c66c401f49ec81ef77ab2bf6179a9d2f306b3017aaba6915d9ae37eeb7f4a90e11a7acfe4404f6b2abae47880de82017aab369365d295df9320a327a402f49ec8819ec52a9a7b2226cdb46080deaa2de8ab7e204106d07b26803e7a03f4568d8cde3702e8a337406fd5a68f9ea28fde7339d0a98f3ee704f4d15b30406fd576c1899bbe26418651f79ec9818e51f7960dd05bb5bdbc76dddf4b90e13a7acfe4aea33ff79459e71dd7d10f6780deaaedccb82b3e8899713d969b19f7ccfd2a9a7e2466c6b56080deb2cd5cf74bdf84b9ee3d141d7337d79dd67867c8718beae10cd04761b97beda5ba647c9a030de57b6fe4ee5e7b602e96936ad1007d1476f7a36fbf93030df7a3572fc9e8e67ef4353fc1fde82d1aa08fca6685998d0b38d0b0c24cf562d04d1f9d1e578d15665a33406fd10d6bc6adfc3e071aaea5572b815c8e371dfbd83d9a0997d60e6780deaa2963d85560177f94834d475d43f041dd951c6b33e2bee711159d7794ee4e61e189560cd047e589aa36e5089ea4518f7673c001f46ae506e21e5c846c3e0a03f4319860cfb6dec401672ff540dd1737aa06f4e496533110370a03f4d1da4e855df5430e38f4d3ab915f3951e31acf7f3b32fa280cd047631ed93533e42e7b5711785e1042dd135dce24e53b364816c7487bcb06e863b0bb9efed4ef38f06c0042dd916d486dd99edef13353b6e3f9e8ad1aa08fc5a67c4fd7fc9403cf96efc8eadd917f6c69d43d5ef80e37230e4f526dcd007d9496c032f3dee79da4e859dd128000bd9b72f3db1fbf4df1136d4bce0d7c7003f4315b60cf1ebe960390b33afd07d83b2adb80bad1f69bbe5acc862b3d2f709901fa18cc599dca779a3c73cd273900edbc7780de59c9313593649e7d5c45335f8efbcfc76080de8e7950ee052adfb19e03d1969780bd33b2c7b11884fb39b2f9180dd0db3165755a75e686af70206250ae73b2c7d166f37a6d978a66fda15b360a8370a333406fd372a96d92ca9fbe5b021259bd23b2c7cf65f3b5bfc09d6a6d18a0b761d757a7ac6ed792d3a0db6c048d4d0e729bcde9196b17be4aee33c04cb83119a077c474b3cb38956d5d2e8169b210601f9bb8a1a4af76a4fdb7ffe1b2394af6b119a0b769c9ea665aecc27714598820a78005eca392cbe606f27cfb5a39c600bc2d03f40ed82fe1d33b7fc9016a973be2ec04d85b5273e348ff8f17bd4766c151630ad8c76c80de097300eabee3d409aa366db237308712be55f90da25b136edde928d93b6480de21bbac4e25fcafe8ce365bc27ba53c74501590db927d1d5fcda0c6938f31406fcb00bd83f64bf8e4d66f73c052e072107b190b6a9483dcdc05488f5a8ae79d8892bd8306e85df1440e525a779c0317fdf583aa80dc34867a3b5ef27994ec1d3640efb0253035e8e78c57d174dd5fdfbe560219b08f900fb92dd9e9d65f0779c9f185c76680de054b09af4b4eba9575d6712adfb79583d81f9c0b1df646c8cde0db7db3a55c37936290cd3b6780de250bec3a2b9da90377de5b78ae3609b097439e3d721d5741f22c35cc65efb4017a172db04f96db5917be53c3fe0c0775c8b09742be65195f9694db4f31f8d60d03f42edbc1aefb9df182b7170f683441ae233e08d8fd464d2097c68e16eea0cb68bc6a0c46d8bb66805e81fdcc1ecd7db3caf76ee12027d81b82df6c0f9bfc7da37905766e41b671a13e3613249303f2ae1aa05764073b0d365df41a956d5bc5c12e77bb15936a860d76de1f0bb9c9e2249ef576f6387d5cc603f20a0cd02bb4c0fe4209705daed228b3950fc130c0ee375abc6dba2af52c52c90dff28d50d1f170cbc5561805eb10576ca60e339bb272bbea1833f160834ecc390ddf9735bc869210eb34ff933f7ab78c1c9ee3ab93b1e4dc708eebc017a0f2cc14dd78a35f03c48f7e76e620d4980f7b2e18000ef7f56ee8bdb2cae9dde335345338e31d35a277bc7a1fc18c19d3540ef915d905329af839f6681a5ab4f53f5b426703028b25a8d7cdfbfc03702aeb7bd6e48be6ba38a177f8c4b751974c3b4d65e18a0f7d81cf4ba94e71565a9a49d7ba2ca362f369810381a767f792a0faa5eab016eb23fce90ece7555ba3f38e96fe38ed23fae33d3340ef033764771aa8d3193ebeea6f55be6da5c1c6c0644afa66c0aa14ff3df377c554797880eb4629bdf76215cd7903375c3ce79ff6cbdf4fb87203f43eb28040994ff7dd4da91b5ffb19953f7eabc148c4c07b599e50b7dbdd10bfaffd5b6c81db0e1c92288367f7cd56d1fcb7c967a779fe3ce0862cde0f06e87d663fbbf3f79c158f50f1e5efe7db5eebd15e8396888137d03910f91f647b2cb2bfe7de8f4d7f8726f8147093f2dd9bf88eb3e892e33dc051a6f79b017a9f7a04f00411f5752f7e9d4a6ef977953d76b31bb8f325e06b209be16fd9f43ba6f128019b44cb2f670fccd3d5c6a7751ffc28698c1ce0ba1aa1cf0dc8fbca00bddfed80d71069d3b2d2f4c8665ee37cce1bf93a7cb67181caf73ec2901f520ee4c2f41afb10aaa7cfa97cc75d2add305525d77e4a45171c2b0d0f014e779b99129d3e27b2787f1aa00f880b80345036cb5be8e9dab4ceacb1ee1f2737feb34ad79fadb2cd57ab7ce77dbad4dfc3b3d1ca32b32fcee0ba42a81fd8aef227efe0c6235df313c9dab35fa7b3b42ec5096cee4ac8dc74fb391a3f1fdc8f06e883e606a02cf43ad3d3bddc34624fe073c6a7527ab28a661eaba24bdfa4e245ef56f1e28f32b8f4549964e9292a59f239155ff309155ff9215e933e9afd7a15cd78b1404dd7f64fd7a6cc4def457f97fe16e01e4803f40177236c067c03a3dc197684bb6467fbf92e33dbefe9dfe867a842a06ccdef49efa51b0a7e2f29cb47fe3d78500cd087cc23412448c9d2c7770d81b3799d2feb15409331a8363c06e8301c80013a0c0760800ec30118a0c3700006e8301c80013a0c0760800ec30118a0c3700006e8301c80013a0c0760800ec30118a0c3700006e8301c80013a0c0760800ec30118a0c3700006e8301c80013a0c0760800ec30118a00fa3a73e5fd67b6bc3580472b80cd007c90705b879f1475abdd5ace0ca0b3fda0522cb7ed7da7f0ffff7ed7bd8f719f9bb6814fadf00bddf5c0ab306ac0162828e00a3e59c9f27cb34dbe59c6919675ad79dd664a7aff49a5bcaf90859ffbdc1e6f7fd25a1fddfb7cb42bbf7d0bfc360d367b29fc76f508acf8d06a07f0cd07be891207830d336414f20126416403201a981e39f3bff652abae4047940c3d51f57c9b22ff1b3d9d2353f56e986292abbf722953db850659baf52d923d7a96ceb72cf2b54f6e88d2a7b7889ca1eba9c1fe298de73be4ad79daed2dbbfab92155fe7873dc4577e58c50b4f56d1ace35434e318fe6c0c3d3502d420d057fa4cf4da54fdb9685f1a1a253400bd3640afc88dc16d33b4c9863ed0161e02877e76c64be4492b577d4425cbff45a56bff4765f7cf51b906941fb954db258f523acc2397da153fb22939a0eafb9f50f9f675fcc8276e14567d5f254bff41c5bf7eaf8a2efe23154d7f91647d5b59500335a201d006fc951aa077c923c13601ce50eb129a40b6a531fdecf92f55d182935572fd1754bafa347e5a69fec46a7e72693d8be551c887937d88a27d12aa7daaaa333d25f560f67fcefeae7edd3e88f130e227b1d2c318f73ccc8d103502c9addfe62a831ea9cc0dc014bddf769fa951a3aa848f8d69f03cf8017e670dd03be4c6c034d99a4a5cea4753503ba875705ff04a15ffe67d2ab9f99b1a88192adf769baa3ff71483755011480ca48557201413e0232dbfd65213c1e29fa5df35dbe5a6bf671b06d32050637008d5d3889ff69a3d7cad4aeffca5ee5ee80a60fedb5474ded192edbdcc4f0d6159d607f8ed19a08fd1a5199bc1d665ab055b67ed68fa912a9a77924a6efc8a4ad74f51f9e3bfd5e5f6ce836668066904cc8db0c9cfb50e70a7c57f9b3e8bd96e347d7eaf41d2af9589fe2ddfbb45659baee2f1047ad8238d01d071e506917c08f0f97577fce1c319a08fc20d70db51700a4c1f6c7a7cf165efd2d9fadf78702bdff520077d998aac381268fef78340d2cf6afefc85a90130fbabb7cb548ff77177851ac464e917799091c629187acaf8bacb23c75e1ad5d2f302971aa01fc6c5a52e93b535e03c704681470148af5ffa26952cff9a067b3ef7516da0fb2ab25c23d4fc6fdef6b0aa795fc53efc25c72cadf1c05fbae11c9df13fa5a20bffa028f5a971d5dd227b4edcf902f4a506e8252e82c596e413652089c0a6ac7dfecb78143c5d7786ca77ace7c1b266490053e9da94a9ed57c81d07fff8b806b124ebd7a3dd2adbb25425b77d47c50b4e56356a746db6a7b10f869ece57f3798401ba7139dc3a806c497ed16b54b2eccb321afeec36137a8524401bc1e6d7bd6de8d06a3e66e272f0e9fbfce97b74997f968aaffc1bee328d841e99de3a68d01b4e3ef7b94d596e33f7ace35472e33fa9eca12bf87a75832808196c2ac50b98fd6da83d351f53b6a9949a95efd9acd2bba7eb4aeba31afa633ce8f539360d379f737bbe037390a037676ffadef6b9e9d257b2f44b2adba4e18ef69830121d2a6b43dd55f3f1169b3e7ed3f1a74b79e98673557cf95f6bb075e36dfaf445b5d61c07c3ef3033bacddea634a76d2affd2ffbb50d5f73f69c24554c03d32d0a0dea9f95c14d03796f8f9d377ab74f58ff812270fe051a6e7e9c35e960f00f8a107bda15433ad39676f6dba7c93aefa01f7f57c01eec1129f17737ec4023dbd664503a6d996ebf95e009a56ccc05396378d3ec7c710033fd4a00be4b63c37f3afa74ee0ec9d6dbc4cd593fd260c28268a8cd01c38d0e0c89e2f7beeec2c3e5f5cdaaffd055f16a5b1186ef4bdb27e1833fc50822e27ca004ef3caa9ef3de3181e58cbb7af35a75b24707b036af62b34f0b2e7d19e5b3ed7ba5ab3aa6791ca1e5c247d79eac6519c500c0d21f043057a03e0e6060a1e5cbbfdbf55be679339bd74e28b411c3f18a0e154f37976a5bda77ceb0a155ffb19aef818788aa521027e284077278233f8f304f08b5eadd2353fe5db2aad6c8bee4ebc170050186a045edb34f856f9936b55b2f4141d533aae5c86973efc20033fd0a0fb8047b6259ef90a95aefa21dfde692527137d6fa850732c480228cafa7cfb9d3ac37fda4d7716d8270d2cec030b3a1f703ef81319f0dab4c92ab9e55455f766ad3500ae003834527e4cf0365f71f180df76bbeec3bf5f06ed78949eca791d730306fcc081ee6771be2eaa9d2cf9acca77de6b4e4d01386f036ea80595026f323cbd4a4b6d4573df2c49c55c87e73beb0604f881025db23895e9cf977ef8bc937831032b1f70bde14e1c04b5aa32e0f5ffe4fbb4a6d23b7e2e0b6670393f38d97d20406fc8e25442e983cbfdf02c921360ca2d8bb57fb220682c1a097c314a9fefdac873ea79e215dd234f7149c9a78f81ef7bd0e5e099514f5d36c5bffa4bbe47d94ab2b87742cc360475427e4cf1b6019e5ea129d3d1cc977bd9bd7f4bf93e06ddb490d45ad26406ed74e5f78a838e7e3854a138be5cec15e53c2d34125ffe81e2525c9f8eccf725e8ee404d9b2cade5acd7aa6ccb323eb024bf8c02e05055f2130a6fe7b24418bd4273366c42b2a57c735cf7d27d077a01b96e19a954ffcdfbdc25336471a81fd4003c6577333a440fc2a0791cbc960125298ae53e01beaf4017c8cdad831af264f9d78b01365a65c46e0370a8c76a809db64d76cf773fa4e2796f91529e6077715d1ef355b96f40b790d3576a11e9ee222b69351b0f2e04f5831cec645bcac7fbf83156027b7f0cd2f505e805e41364d0edde8bf880e923a70f244a75a8bfc5716981f746e593eb3edf37b0f71cf406c8cf1ea7b2fb2f9503c5fd7173f00039d4e7f263d455a0dac9f5a738d8797d841ec1de53d02de4bc4d90df77b11ca026c82168107450d8977caee8b30707badbe1497c092d5d7fb61c18400e0db00e067b7cc5878accde03d87b063aef2cedb4def9e4e66fc901d10706904383ae52d8a3dd6ee9aa5ec0de13d01de43a93c7bff92b6ef1f86078036f1034c86a845d06e868455afbfc787b85a98c8f6eb872d065e7f44ed2cd00335fc10bf5915ccb07c8a1215123ec72e92dbd7796991b6f569eadc8bd29dd69d69b2e61e8f1462477fdd13b3010340ce27836716def6f8fbdcb6e5565f54a416f28d9affe04efb4bf022b2087865136ae2de8f9bec764aa2c3f067a622597dc7a50ba4f50b56947ba156150b24321c8c16e4bf8bbceac34ab570b3aed148fb27f9377962fa5d157400e0db938c6b51df0c90115cd7983ac4357c1c05cc5a5fb047ebc6dbeebf7b2b3764d2e800e05a022abcb287cba61aacbea65bc74d29580ce53ff6c365f7a0aefa4bd660ec8a19024316f2e233ff7343f7fc0f5d59bb8e9a42bcce8ba3ca169ae5b96ca4e72ab06d0a1b064939bcdeac98a6f9827fa7637ab5704ba869c56deb8e478ee9b90ec0e435068a2a8b783d0d9a337081ba5dc74ce5d07dd5d52d3ad5672d35779e750b64321cb8f7dba773d9a759c81bd7be57b35199d26c89c4977a7cd969d33a3ed1014a22ce8b6af5edcdda6cbf72e8dbe57331847d7cecf9da4f21d77f18ed949321014aa18747b4dfd8e9f9b7eba2c3d55c650bbae00743baffd5855afede61da3960ca043a1cb0ec8650ffeca5d4f2f67a87d57033aedc4fcb7ba160c9043a14b32ba9912fbc4aaaeaf3ed37dd0cd0d2cb4c8bdc51ba0439054b6a4fc99075434fd48995056c650075c0de87413cbe2bfe39dd27b07d02148cb81be6733cf18ad4da5fbd44b18ea80ab03fdea8ff34e0174081215a03f2ca0f38214250c75c0001d827aa411191da043d0f009191d8202104087a00004d02128000174080a40001d8202104087a00004d02128000174080a40001d8202104087a00004d02128000174080a40001d8202104087a00004d02128000174080a40001d8202104087a00004d02128000d29e81f93a748f2e398e8492d301cb8cd935af23d9b04f4a158eef99a4ff04e4110d4a8fcd9c78624a3d3935aaef8a0aaef7f42d5f73daabd1586e1bd9a8503db55be6da58aa6bf68c033bab63c237d926eb58e866178848f2a386962a753ee3ae8f6c3d3572a4d60186eb2cee43e273e3f9d727519bde47518860b7793934a408761b8b706e8301c80013a0c0760800ec30118a0c3700006e8301c80013a0c0760800ec30118a0c3700006e8301c80013a0c0760800ec30118a0c3700006e8301c80013a0c0760800ec30118a0c3700006e8301c80013a0c0760800ec30118a0c3f0d0fb05eaff0137ee9d56722f3ffd0000000049454e44ae426082);

--
-- Index pour les tables déchargées
--

--
-- Index pour la table `mycontact`
--
ALTER TABLE `mycontact`
  ADD PRIMARY KEY (`id`),
  ADD KEY `group_id` (`group_id`);

--
-- Index pour la table `mygroups`
--
ALTER TABLE `mygroups`
  ADD PRIMARY KEY (`id`),
  ADD KEY `userid` (`userid`);

--
-- Index pour la table `user`
--
ALTER TABLE `user`
  ADD PRIMARY KEY (`id`);

--
-- AUTO_INCREMENT pour les tables déchargées
--

--
-- AUTO_INCREMENT pour la table `mycontact`
--
ALTER TABLE `mycontact`
  MODIFY `id` int(11) NOT NULL AUTO_INCREMENT, AUTO_INCREMENT=8;

--
-- AUTO_INCREMENT pour la table `mygroups`
--
ALTER TABLE `mygroups`
  MODIFY `id` int(11) NOT NULL AUTO_INCREMENT, AUTO_INCREMENT=19;

--
-- AUTO_INCREMENT pour la table `user`
--
ALTER TABLE `user`
  MODIFY `id` int(11) NOT NULL AUTO_INCREMENT, AUTO_INCREMENT=14;

--
-- Contraintes pour les tables déchargées
--

--
-- Contraintes pour la table `mycontact`
--
ALTER TABLE `mycontact`
  ADD CONSTRAINT `mycontact_ibfk_1` FOREIGN KEY (`group_id`) REFERENCES `mygroups` (`id`) ON DELETE CASCADE ON UPDATE CASCADE;

--
-- Contraintes pour la table `mygroups`
--
ALTER TABLE `mygroups`
  ADD CONSTRAINT `mygroups_ibfk_1` FOREIGN KEY (`userid`) REFERENCES `user` (`id`);
COMMIT;

/*!40101 SET CHARACTER_SET_CLIENT=@OLD_CHARACTER_SET_CLIENT */;
/*!40101 SET CHARACTER_SET_RESULTS=@OLD_CHARACTER_SET_RESULTS */;
/*!40101 SET COLLATION_CONNECTION=@OLD_COLLATION_CONNECTION */;
